행정동코드,total_all_202212,solo_all_202212,total_20_202212,solo_20_202212,total_25_202212,solo_25_202212,total_30_202212,solo_30_202212,total_35_202212,solo_35_202212,total_40_202212,solo_40_202212,total_45_202212,solo_45_202212,total_50_202212,solo_50_202212,total_55_202212,solo_55_202212,total_60_202212,solo_60_202212,total_65_202212,solo_65_202212,total_70_202212,solo_70_202212,total_75_202212,solo_75_202212,자치구,행정동명
1101053,7857,1767,584,139,686,240,780,216,759,214,832,161,772,166,711,109,729,94,534,84,429,72,394,70,647,202,종로구,사직동
1101054,2370,789,149,74,172,82,193,88,211,92,199,60,226,64,242,59,249,61,197,51,163,39,163,41,206,78,종로구,삼청동
1101055,9104,1539,1147,205,835,154,711,184,652,152,896,109,965,115,913,84,835,82,608,61,481,114,382,92,679,187,종로구,부암동
1101056,15369,1609,1266,131,1173,123,1172,143,1073,118,1482,111,1694,127,1775,123,1604,113,1129,87,854,79,761,73,1386,381,종로구,평창동
1101057,6358,785,460,47,426,48,455,63,558,75,832,57,748,49,712,65,619,58,428,45,362,73,293,60,465,145,종로구,무악동
1101058,4142,694,297,41,315,47,348,58,353,53,460,59,403,51,464,66,361,47,352,48,290,66,195,44,304,114,종로구,교남동
1101060,3981,1132,254,91,313,108,384,152,364,132,435,105,428,104,363,67,341,66,315,59,266,76,174,50,344,122,종로구,가회동
1101061,6938,4519,573,464,666,666,605,491,501,337,568,377,575,369,678,311,800,566,637,300,471,234,348,153,516,251,종로구,종로1234가동
1101063,4944,2124,571,382,482,315,403,217,324,159,395,137,458,158,521,138,507,137,368,102,319,138,215,96,381,145,종로구,종로56가동
1101064,8371,2633,1166,422,1392,439,1010,392,655,295,679,166,659,138,677,128,592,113,470,91,344,135,309,131,418,183,종로구,이화동
1101067,5965,1570,427,80,567,96,525,175,426,140,532,133,638,159,757,131,692,150,467,100,375,172,248,113,311,121,종로구,창신1동
1101068,9958,1895,844,100,972,127,813,181,703,138,916,128,1196,193,1249,187,1092,191,727,160,536,161,385,119,525,210,종로구,창신2동
1101069,6313,996,571,78,572,88,582,110,513,85,631,88,694,95,692,78,677,76,440,50,324,77,243,61,374,110,종로구,창신3동
1101070,6038,1535,513,107,531,119,629,219,527,169,618,118,617,113,647,173,582,102,438,81,330,90,252,64,354,180,종로구,숭인1동
1101071,8835,3330,766,433,1046,617,1005,485,739,326,733,208,799,225,878,174,833,180,678,144,496,179,382,142,480,217,종로구,숭인2동
1101072,10778,1677,844,132,835,147,1002,230,1101,231,1292,138,1218,130,1039,94,868,77,670,69,570,92,424,75,915,262,종로구,청운효자동
1101073,18869,6855,3785,2341,3344,2139,1859,643,1336,411,1439,225,1380,215,1306,128,1187,135,849,93,715,97,532,73,1137,355,종로구,혜화동
1102052,1513,687,51,31,151,90,199,107,183,90,187,72,191,73,167,73,116,49,92,41,87,31,48,17,41,13,중구,소공동
1102054,4680,1403,226,63,408,124,370,148,363,138,373,207,426,138,536,100,635,116,474,88,326,105,239,83,304,93,중구,회현동
1102055,3343,1633,204,183,300,217,284,172,286,230,347,142,350,158,363,130,350,102,292,106,224,83,159,55,184,55,중구,명동
1102057,4460,1896,796,420,603,325,457,207,305,123,299,125,336,132,325,97,396,121,283,92,193,72,212,81,255,101,중구,필동
1102058,5663,2301,1149,613,940,524,591,300,418,178,410,97,393,97,355,77,403,105,291,69,238,58,169,61,306,122,중구,장충동
1102059,5087,2196,383,214,587,443,493,243,376,220,369,144,399,179,536,127,598,164,496,129,327,129,252,108,271,96,중구,광희동
1102060,1389,838,59,46,125,100,131,87,77,49,93,57,119,70,155,73,204,112,170,85,118,82,67,50,71,27,중구,을지로동
1102065,8538,2027,674,197,689,224,817,247,854,236,866,182,929,187,889,153,839,151,579,112,484,99,386,77,532,162,중구,신당5동
1102067,11084,3352,772,346,1220,666,1427,495,1175,357,1007,253,977,244,1051,176,1033,181,827,153,632,153,403,93,560,235,중구,황학동
1102068,7165,1289,458,82,605,127,728,132,760,117,698,122,647,99,664,79,730,91,530,71,459,91,364,69,522,209,중구,중림동
1102069,10484,4379,696,297,822,369,1296,622,1327,600,1481,744,1126,591,1063,219,840,180,689,262,468,207,302,116,374,172,중구,신당동
1102070,13012,2600,1134,326,1287,390,1487,395,1165,278,1243,194,1247,172,1188,138,1229,136,898,107,728,114,556,88,850,262,중구,다산동
1102071,15305,2412,1039,127,1206,176,1508,188,1472,182,1521,151,1350,156,1469,182,1569,182,1196,163,974,203,741,182,1260,520,중구,약수동
1102072,13889,3177,1063,272,1279,314,1558,302,1397,290,1485,249,1329,230,1289,204,1264,189,886,170,763,296,585,212,991,449,중구,청구동
1102073,8327,921,769,70,617,62,667,92,689,80,810,78,838,78,973,64,926,66,637,46,469,73,331,51,601,161,중구,동화동
1103051,15042,3038,1196,236,1374,302,1610,377,1464,361,1553,274,1555,267,1481,215,1331,198,1000,159,829,186,697,140,952,323,용산구,후암동
1103052,10595,2598,713,250,1097,410,1395,463,1025,325,1017,180,933,153,860,126,1009,144,737,116,612,117,482,102,715,212,용산구,용산2가동
1103053,6891,2799,408,220,591,325,643,314,506,232,618,224,741,281,791,222,760,228,636,216,436,216,304,151,457,170,용산구,남영동
1103057,11852,1709,903,123,804,147,1192,218,1198,201,1378,140,1293,124,1240,115,1087,103,793,82,650,109,534,92,780,255,용산구,원효로2동
1103058,7663,1149,673,111,628,130,742,156,759,143,840,84,829,79,743,74,698,71,465,52,388,72,354,63,544,114,용산구,효창동
1103059,10006,1606,710,141,793,193,1084,205,1057,179,1117,123,987,104,931,95,951,102,690,80,598,106,432,78,656,200,용산구,용문동
1103063,19458,1489,1133,44,1182,51,1656,76,2226,86,2717,157,2374,128,1871,77,1709,73,1179,55,939,108,857,102,1615,532,용산구,이촌1동
1103064,7530,1111,463,71,559,96,816,108,725,106,727,114,633,99,726,64,801,68,636,59,489,55,383,45,572,226,용산구,이촌2동
1103065,6878,2274,466,191,779,337,825,342,740,288,616,207,588,190,596,106,605,119,488,105,361,106,293,75,521,208,용산구,이태원1동
1103066,8668,2512,542,245,900,382,1124,408,928,306,881,224,705,192,692,96,762,107,575,78,474,108,369,72,716,294,용산구,이태원2동
1103069,10492,1543,840,131,698,115,784,183,903,167,1298,121,1382,140,1230,81,871,60,617,52,497,98,462,79,910,316,용산구,서빙고동
1103070,14260,4042,1151,327,1423,452,1499,571,1305,468,1379,320,1440,327,1437,297,1321,284,925,204,840,205,544,147,996,440,용산구,보광동
1103071,18711,6044,2610,1286,2266,1134,1990,946,1550,547,1667,377,1711,381,1656,242,1461,222,1064,150,905,239,762,210,1069,310,용산구,청파동
1103072,11324,2179,854,257,1186,361,1584,324,1411,266,1194,251,990,152,982,86,980,102,672,68,557,85,404,71,510,156,용산구,원효로1동
1103073,13382,4753,1018,497,1227,518,1541,1306,1396,808,1223,372,1054,311,1255,140,1329,193,998,118,814,110,592,80,935,300,용산구,한강로동
1103074,18477,5503,1139,490,1823,751,2383,951,2028,687,1793,524,1687,447,1683,264,1683,296,1263,253,1018,245,798,170,1179,425,용산구,한남동
1104052,13202,2275,1150,260,1255,322,1325,267,1250,220,1416,215,1365,199,1344,137,1239,131,930,101,717,103,559,89,652,231,성동구,왕십리2동
1104054,20132,3874,2130,717,2227,776,2006,453,1626,341,1831,193,1955,208,1989,177,1875,175,1416,136,1090,159,763,122,1224,417,성동구,마장동
1104055,13555,6188,3429,2445,2889,1963,1348,545,787,340,824,139,797,131,784,109,739,96,549,73,485,96,364,76,560,175,성동구,사근동
1104056,11910,2089,1229,283,1368,347,1141,227,1110,185,1086,152,1089,141,1167,110,1125,102,787,78,636,128,478,97,694,239,성동구,행당1동
1104057,19706,1978,1435,67,1369,72,2044,182,2376,190,2624,162,2126,126,1830,141,1736,140,1233,113,1029,178,763,133,1141,474,성동구,행당2동
1104058,12749,1260,863,60,836,69,1218,143,1455,153,1709,127,1445,106,1208,84,1034,78,843,69,727,90,582,67,829,214,성동구,응봉동
1104059,10784,1509,763,54,758,63,1050,151,1086,153,1149,137,1166,121,1029,110,1095,131,808,102,641,123,491,95,748,269,성동구,금호1가동
1104062,11682,1978,789,82,911,115,1373,238,1507,227,1330,242,1057,169,1068,160,1081,150,801,145,598,113,453,83,714,254,성동구,금호4가동
1104065,13769,2583,1192,227,1306,334,1545,384,1350,311,1442,229,1489,221,1504,166,1333,155,870,108,635,119,446,89,657,240,성동구,성수1가1동
1104066,14441,3095,1117,353,1641,581,1836,532,1559,415,1445,221,1323,197,1360,145,1447,156,892,109,686,105,461,70,674,211,성동구,성수1가2동
1104067,16534,3592,1325,296,1608,392,1641,379,1476,313,1492,282,1639,301,1984,368,1811,352,1232,267,859,180,587,116,880,346,성동구,성수2가1동
1104068,11219,3490,915,424,1160,530,1350,517,1018,405,977,305,989,278,1102,183,1178,192,864,164,604,145,416,84,646,263,성동구,성수2가3동
1104069,10020,2530,800,232,875,266,1060,281,925,222,925,201,1071,205,1178,240,1075,262,764,187,547,160,334,100,466,174,성동구,송정동
1104070,14495,4304,1161,469,1325,567,1387,585,1234,475,1442,315,1592,341,1636,341,1432,323,1037,246,836,204,590,146,823,292,성동구,용답동
1104071,19172,3227,1747,333,1854,404,2078,425,2051,413,1771,234,1814,244,1940,195,1749,206,1220,145,935,176,825,139,1188,313,성동구,왕십리도선동
1104072,17798,2432,1311,126,1368,150,2053,298,2027,288,1896,275,1689,239,1644,136,1614,141,1249,115,994,171,810,147,1143,346,성동구,금호23가동
1104073,18040,2436,1208,92,1531,146,2243,305,2195,297,1999,325,1513,233,1647,148,1699,156,1255,146,939,173,724,128,1087,287,성동구,옥수동
1105053,25062,15078,6193,5051,5864,4375,3266,2237,1715,1120,1288,482,1262,452,1299,303,1218,277,945,215,724,157,554,127,734,282,광진구,화양동
1105054,20228,6883,3319,1707,2951,1492,2486,982,1710,626,1547,322,1523,298,1614,301,1613,332,1142,233,883,179,603,112,837,299,광진구,군자동
1105055,13646,3331,1048,278,1493,441,1759,520,1320,358,1188,268,1257,279,1375,262,1349,267,971,202,724,152,476,97,686,207,광진구,중곡1동
1105056,18278,3968,1630,401,1941,583,2314,709,1708,485,1705,266,1783,274,1884,259,1705,236,1244,177,929,187,617,119,818,272,광진구,중곡2동
1105057,14660,3617,1229,274,1447,366,1640,479,1313,356,1350,324,1551,360,1611,314,1469,317,1017,229,803,198,504,128,726,272,광진구,중곡3동
1105058,25370,3924,2201,252,2185,282,2680,487,2329,358,2446,336,2769,371,2628,340,2538,332,1874,283,1453,258,1027,183,1240,442,광진구,중곡4동
1105059,10248,4063,797,527,1478,887,1742,856,1175,562,893,288,785,233,737,141,787,144,575,120,495,119,321,73,463,113,광진구,능동
1105060,19693,6539,1713,860,2520,1147,2682,1229,1979,833,1839,531,1806,506,1850,316,1685,313,1151,227,925,198,630,137,913,242,광진구,구의1동
1105061,20005,2935,1585,228,1698,262,2092,352,1983,300,2114,246,2056,249,2011,207,1950,218,1499,172,1143,180,803,135,1071,386,광진구,구의2동
1105062,23323,3223,2000,339,2264,449,2557,530,2239,433,2349,228,2549,236,2453,171,2399,177,1537,120,1120,153,774,103,1082,284,광진구,구의3동
1105063,25963,1399,2281,80,1833,74,1950,124,2560,144,4166,107,3952,99,2857,123,2098,93,1370,67,866,84,785,73,1245,331,광진구,광장동
1105064,19958,4962,1750,604,2187,797,2412,801,1945,582,1826,325,1940,331,2024,296,1844,280,1338,226,953,217,722,156,1017,347,광진구,자양1동
1105065,21249,3309,1739,263,1898,303,2447,522,2283,453,2154,282,2126,279,2097,231,2184,246,1602,180,1054,145,735,117,930,288,광진구,자양2동
1105066,24829,2539,1998,191,2212,205,2609,285,2497,246,2755,211,2601,210,2599,199,2619,166,1806,137,1053,141,851,104,1229,444,광진구,자양3동
1105067,24921,6005,1956,548,2611,799,2509,662,1976,478,2088,485,2474,586,3062,571,2886,574,2018,416,1355,329,885,212,1101,345,광진구,자양4동
1106071,12214,5525,3413,2199,2187,1437,1220,541,850,343,719,129,705,126,687,121,648,114,504,90,419,134,284,91,578,200,동대문구,회기동
1106072,13470,3556,1676,790,1840,822,1429,448,1016,282,1093,145,1154,148,1154,148,1082,140,959,122,709,151,570,122,788,238,동대문구,휘경1동
1106073,21196,5500,2659,2094,2427,1393,1939,392,1909,281,2045,149,1942,157,1919,160,1828,155,1419,132,1126,145,866,121,1117,321,동대문구,휘경2동
1106080,19541,3524,1328,148,1585,199,1605,240,1460,197,1538,189,1637,191,1968,268,2233,325,1756,268,1462,392,1200,345,1769,762,동대문구,청량리동
1106081,25182,7994,2242,1102,2695,1339,2713,1007,2125,834,2093,518,2035,529,2452,451,2407,478,1879,394,1578,398,1205,293,1758,651,동대문구,용신동
1106082,23952,6658,2657,1465,2648,1155,2324,562,1839,342,1852,310,1842,283,2086,326,2280,401,1804,287,1544,422,1190,323,1886,782,동대문구,제기동
1106083,24249,5092,2821,966,2165,738,2149,354,2018,299,2214,260,2193,264,2299,306,2379,313,1772,274,1431,370,1052,262,1756,686,동대문구,전농1동
1106084,17172,1829,1726,166,1393,124,1453,119,1576,114,1863,129,1772,118,1709,163,1637,175,1224,138,913,144,771,127,1135,312,동대문구,전농2동
1106086,21262,2852,1628,137,1452,134,1768,252,1960,252,2154,203,2303,221,2239,230,2187,243,1692,203,1346,223,1056,179,1477,575,동대문구,답십리2동
1106087,29971,5576,2090,507,2625,700,3332,713,3341,637,3064,490,2692,466,2837,350,3131,396,2449,296,1807,348,1141,201,1462,472,동대문구,장안1동
1106088,25020,3322,1805,177,1844,185,2535,360,2842,380,2900,296,2578,360,2309,250,2446,314,1950,248,1448,202,1043,146,1320,404,동대문구,장안2동
1106089,28791,9932,5417,3143,4250,3092,2645,752,2066,529,2222,302,2257,262,2119,272,2140,272,1617,193,1345,278,958,198,1755,639,동대문구,이문1동
1106090,18234,2457,1659,341,1617,336,1657,183,1667,157,1993,163,1900,147,1735,174,1752,178,1334,141,1035,167,773,121,1112,349,동대문구,이문2동
1106091,24150,4421,2007,476,2302,552,2828,514,2673,509,2505,415,2386,398,2316,251,2145,262,1556,201,1214,216,878,169,1340,458,동대문구,답십리1동
1107052,22252,4036,1857,190,1848,184,2159,374,2091,300,2189,363,2472,369,2506,486,2213,450,1588,317,1217,346,935,216,1177,441,중랑구,면목2동
1107054,17983,2943,1482,193,1659,246,1763,337,1790,318,1786,211,1771,200,1693,239,1779,260,1338,199,1203,251,720,146,999,343,중랑구,면목4동
1107055,9638,1848,772,98,800,121,928,183,833,146,925,186,1002,200,1030,152,1073,173,722,114,590,161,375,93,588,221,중랑구,면목5동
1107057,19822,3769,1539,233,1815,291,2048,411,1746,329,1847,331,1803,317,2053,338,2140,397,1606,275,1271,251,896,196,1058,400,중랑구,면목7동
1107059,20781,1919,1919,110,1773,120,1865,197,1902,172,2087,102,2365,118,2430,172,2197,162,1394,121,1033,198,766,149,1050,298,중랑구,상봉1동
1107060,15626,5240,1265,544,1749,732,2023,855,1389,645,1263,386,1370,417,1501,316,1557,369,1141,260,916,247,620,175,832,294,중랑구,상봉2동
1107061,16909,2265,1420,163,1448,198,1876,262,1642,206,1504,201,1530,197,1796,186,1805,180,1367,145,999,158,687,115,835,254,중랑구,중화1동
1107062,24351,6435,1895,332,2029,387,2232,592,1964,482,2103,511,2481,585,2910,783,2778,789,1947,583,1472,453,1077,323,1463,615,중랑구,중화2동
1107064,27385,3547,2261,312,2366,368,2827,448,2648,364,2902,266,2717,239,2765,327,2732,244,2072,191,1525,183,1073,147,1497,458,중랑구,묵1동
1107065,16063,3239,1290,317,1428,342,1714,421,1543,315,1515,250,1459,243,1576,217,1662,249,1322,210,985,195,681,133,888,347,중랑구,묵2동
1107068,14869,2856,1236,137,1200,139,1366,209,1234,171,1414,212,1636,263,1711,332,1495,339,1146,266,909,277,644,198,878,313,중랑구,망우3동
1107069,30130,2592,2773,134,2341,128,2829,153,3190,166,2961,165,3004,176,3258,249,3123,261,2158,200,1541,248,1250,206,1702,506,중랑구,신내1동
1107070,20251,2374,1519,75,1463,83,2046,204,2116,180,2081,154,2118,150,2062,210,2127,237,1589,193,1072,204,933,170,1125,514,중랑구,신내2동
1107071,30093,6742,2531,504,2820,622,3219,802,2732,619,2827,580,3122,636,3142,629,2967,627,2248,488,1700,394,1246,276,1539,565,중랑구,면목본동
1107072,23637,4875,2104,352,2092,360,2413,553,1938,393,2123,414,2407,464,2464,459,2543,475,1792,354,1432,310,974,212,1355,529,중랑구,면목38동
1107073,27277,5456,2263,385,2324,422,2578,622,2346,385,2337,410,2653,437,3124,553,3050,555,2184,429,1610,388,1193,300,1615,570,중랑구,망우본동
1108058,13451,1601,1187,116,1183,130,1189,143,1141,129,1338,95,1485,101,1380,110,1379,125,997,95,783,158,575,118,814,281,성북구,돈암1동
1108059,17403,1181,1324,47,1257,52,1431,88,1759,99,2391,87,2125,75,1809,88,1643,84,1110,67,858,83,663,61,1033,350,성북구,돈암2동
1108060,16906,8227,4504,3615,2949,2118,1582,671,957,372,1077,246,1152,246,1080,153,1019,156,698,104,602,140,479,108,807,298,성북구,안암동
1108061,12381,2904,1116,424,1333,481,1338,322,1080,238,1206,203,1211,203,1177,185,1127,178,826,134,656,112,505,83,806,341,성북구,보문동
1108062,14942,1734,1360,250,1232,233,1378,128,1479,120,1816,115,1528,101,1387,96,1338,103,998,80,846,141,622,112,958,255,성북구,정릉1동
1108063,19063,2030,1656,212,1508,205,1778,187,1808,167,2015,144,1814,125,1831,126,1881,136,1470,117,1203,156,847,109,1252,346,성북구,정릉2동
1108064,15709,3430,3036,1215,1791,702,1320,221,980,150,1174,101,1180,103,1190,112,1338,132,1056,103,849,140,650,104,1145,347,성북구,정릉3동
1108065,21662,2761,1868,262,1590,226,2050,198,2258,187,2473,209,2189,179,1967,190,2048,329,1598,191,1280,227,982,163,1359,400,성북구,정릉4동
1108066,27173,1924,1762,72,1764,75,2822,106,3768,126,4334,220,3061,155,2250,187,2195,135,1563,102,1286,199,932,148,1436,399,성북구,길음1동
1108068,13230,1739,1120,159,1032,134,1209,147,1226,132,1421,173,1207,141,1303,87,1391,100,1025,83,837,153,645,115,814,315,성북구,길음2동
1108071,20768,2120,1459,148,1435,145,1947,146,2305,152,2629,149,2104,114,1966,182,2011,203,1566,171,1224,207,899,149,1223,354,성북구,월곡1동
1108072,17871,3632,2238,882,1643,677,1665,317,1596,274,1699,199,1641,159,1585,162,1557,173,1248,152,989,187,818,145,1192,305,성북구,월곡2동
1108076,18616,2660,1611,189,1450,200,1504,205,1503,180,1812,176,2054,198,2050,250,1952,264,1470,210,1160,235,834,175,1216,378,성북구,장위1동
1108077,16878,2824,1428,222,1271,223,1462,202,1371,180,1572,225,1670,210,1759,261,1761,261,1350,193,1176,251,843,169,1215,427,성북구,장위2동
1108078,11447,1413,944,172,830,156,884,83,925,77,1163,95,1201,95,1245,118,1241,136,951,109,780,115,575,83,708,174,성북구,장위3동
1108081,14689,3048,1307,412,1503,544,1455,436,1240,341,1398,196,1417,197,1366,166,1295,144,995,106,857,137,662,100,1194,269,성북구,성북동
1108082,22378,5272,2460,956,2460,889,2259,700,1958,567,2289,349,2213,306,1946,231,1887,245,1367,180,1155,195,854,141,1530,513,성북구,삼선동
1108083,14735,6611,2573,2029,2312,1669,1717,873,1216,635,1206,227,1098,186,979,171,944,146,725,135,645,144,525,106,795,290,성북구,동선동
1108084,34748,5516,3653,966,3306,947,3201,450,3363,407,3828,325,3565,279,3191,307,3090,341,2131,244,1829,273,1365,196,2226,781,성북구,종암동
1108085,29745,5111,2895,635,2650,632,2822,477,2628,455,2753,314,2660,422,2960,360,3026,368,2335,309,1820,298,1319,211,1877,630,성북구,석관동
1109060,17018,5056,1443,639,1600,593,1729,705,1607,540,1708,447,1614,409,1630,347,1552,341,1227,277,1088,246,730,159,1090,353,강북구,번1동
1109061,15229,2286,1231,87,1044,85,1336,159,1328,146,1484,145,1452,135,1506,166,1486,167,1231,184,1145,276,800,225,1186,511,강북구,번2동
1109062,16213,2328,1160,52,985,50,1230,96,1586,110,1723,141,1474,99,1427,148,1519,176,1279,159,1420,401,950,297,1460,599,강북구,번3동
1109063,18405,3860,1613,280,1493,273,1728,379,1572,317,1695,288,1724,238,1886,355,1876,367,1463,301,1207,308,857,215,1291,539,강북구,수유1동
1109064,18328,2667,1454,161,1309,152,1547,210,1535,186,1678,194,1760,195,1773,216,1966,247,1538,190,1264,241,989,182,1515,493,강북구,수유2동
1109065,20082,5557,1710,678,1940,732,2140,658,1695,481,1724,438,1851,432,1894,411,1983,438,1525,347,1290,276,945,192,1385,474,강북구,수유3동
1109069,24501,3096,1926,114,1765,134,2230,296,2240,266,2495,276,2528,251,2527,279,2486,295,1905,248,1579,269,1190,203,1630,465,강북구,삼양동
1109070,20216,4581,1759,653,1881,652,1856,501,1742,366,1769,282,1925,253,2014,279,2141,346,1501,273,1241,324,968,233,1419,419,강북구,미아동
1109071,25645,5104,2034,467,2145,520,2354,509,2193,425,2357,355,2382,348,2534,372,2688,417,2174,357,1677,397,1344,321,1763,616,강북구,송중동
1109072,24873,5039,1956,304,1889,314,2206,371,1985,276,2295,342,2448,413,2656,453,2646,610,1994,415,1687,416,1301,372,1810,753,강북구,송천동
1109073,23500,2017,1615,47,1407,45,2211,121,3000,146,3706,147,3031,116,2236,244,1925,208,1414,168,1056,179,724,127,1175,469,강북구,삼각산동
1109074,17439,2612,1626,182,1191,143,1422,183,1371,146,1574,185,1700,175,1695,241,1800,273,1430,209,1241,252,858,173,1531,450,강북구,우이동
1109075,26955,4201,2092,228,2002,240,2397,344,2184,274,2450,322,2571,330,2702,345,2767,365,2220,309,1945,411,1418,282,2207,751,강북구,인수동
1110051,18536,2493,2263,289,1426,190,1429,201,1491,185,1789,164,1752,151,1821,192,1888,207,1352,155,1137,195,832,141,1356,423,도봉구,쌍문1동
1110052,17115,2691,1553,173,1375,173,1603,225,1502,183,1554,206,1732,216,1726,240,1732,243,1353,202,945,168,801,155,1239,507,도봉구,쌍문2동
1110053,14978,2958,1359,324,1370,378,1513,319,1363,258,1354,191,1401,192,1416,206,1493,219,1133,182,901,218,669,157,1006,314,도봉구,쌍문3동
1110054,16150,1317,1474,73,1346,80,1322,114,1219,93,1689,108,1954,118,1868,129,1902,132,1183,83,749,88,617,75,827,224,도봉구,쌍문4동
1110055,25618,3909,2242,194,2093,237,2100,319,2017,294,2366,286,2702,319,2822,409,2943,425,2038,332,1597,294,1088,247,1610,553,도봉구,방학1동
1110056,17818,3052,1535,88,1291,86,1419,181,1409,171,1783,285,1993,312,1911,332,1845,316,1440,246,1115,302,823,221,1254,512,도봉구,방학2동
1110057,23464,1615,1990,38,1934,43,1773,96,1852,92,2519,93,2618,89,2753,150,2768,155,1770,104,1053,135,1023,134,1411,486,도봉구,방학3동
1110059,20923,3323,1610,205,1598,201,2011,268,1992,254,2360,319,2325,328,2072,291,2117,254,1476,187,1097,230,902,192,1363,594,도봉구,창1동
1110060,24828,3119,2146,172,2128,193,2526,316,2383,267,2506,275,2553,271,2526,256,2481,263,1778,189,1370,267,1043,205,1388,445,도봉구,창2동
1110061,12632,2154,1080,113,905,108,1085,184,1148,165,1259,199,1368,209,1351,212,1270,214,934,151,813,172,567,132,852,295,도봉구,창3동
1110062,23325,2108,1982,71,1800,71,2079,239,2149,213,2691,198,2786,192,2640,163,2357,174,1477,113,1066,151,926,121,1372,402,도봉구,창4동
1110063,21308,2263,1836,135,1836,151,2165,263,1924,196,1995,167,2184,174,2333,169,2341,177,1628,132,1076,160,829,126,1161,413,도봉구,창5동
1110064,19243,3420,1490,127,1387,130,1517,233,1416,202,1555,187,1741,200,1948,339,2070,366,1762,336,1562,376,1107,261,1688,663,도봉구,도봉1동
1110065,23860,2862,1630,99,1728,116,2130,235,2216,218,2108,200,2037,190,2287,223,2773,277,2232,224,1734,292,1268,221,1717,567,도봉구,도봉2동
1111051,18992,3339,2431,794,1917,617,1669,180,1781,186,1696,131,1583,121,1709,195,1768,209,1428,181,1127,214,815,134,1068,377,노원구,월계1동
1111052,22669,3334,1865,137,1569,130,1907,195,2263,199,2258,211,2231,210,2147,280,2368,282,1969,291,1480,411,1069,296,1543,692,노원구,월계2동
1111053,27673,3978,1916,101,2040,120,3014,324,3231,347,2971,280,2481,253,2486,290,2806,313,2179,264,1610,432,1158,330,1781,924,노원구,월계3동
1111056,37345,4641,5660,1520,3315,739,3247,311,3510,298,4147,204,4029,189,3566,227,3276,225,2282,176,1598,207,1144,139,1571,406,노원구,공릉2동
1111058,23246,3288,2465,200,1955,180,1536,233,1534,209,2397,167,3091,207,2884,278,2461,260,1514,181,1084,313,995,326,1330,734,노원구,하계1동
1111059,18694,1423,1840,41,1290,42,1337,110,1596,108,2382,75,2631,84,2276,125,1736,109,1037,77,800,126,711,116,1058,410,노원구,하계2동
1111060,19796,1331,2157,80,1215,50,877,87,1205,109,2813,89,3542,108,2874,130,1911,89,978,49,671,105,663,113,890,322,노원구,중계본동
1111061,20026,1206,2104,74,1132,49,707,54,1242,86,3570,83,4143,91,2770,132,1658,92,834,52,567,85,533,87,766,321,노원구,중계1동
1111064,17347,2267,1580,99,1168,83,1201,139,1415,142,2069,120,2155,111,1933,200,1665,191,1194,143,1071,271,745,209,1151,559,노원구,중계4동
1111065,34472,3709,3004,158,2772,179,3162,307,3010,252,3414,305,3723,320,3676,286,3826,328,2588,251,1782,312,1467,256,2048,755,노원구,상계1동
1111066,17615,2433,1837,258,1640,265,1418,232,1326,195,1684,142,2019,183,2043,201,1865,209,1316,146,874,145,662,110,931,347,노원구,상계2동
1111069,20250,3219,1921,202,1588,193,1634,235,1625,209,1990,221,2257,240,2081,262,2074,272,1465,202,1191,326,929,234,1495,623,노원구,상계5동
1111072,18100,1997,1120,91,1289,122,3105,343,2622,269,2275,167,1984,141,1392,95,1313,90,985,73,729,153,521,109,765,344,노원구,상계8동
1111073,17916,1923,1430,74,1301,81,1820,173,1818,157,2130,152,2235,153,1825,158,1783,169,1233,119,807,136,622,101,912,450,노원구,상계9동
1111074,14881,1712,1328,92,1285,102,1760,198,1486,156,1559,150,1679,143,1560,129,1450,118,930,74,618,113,536,98,690,339,노원구,상계10동
1111076,28173,4330,2251,234,1949,200,2109,197,2225,189,2742,232,2845,282,2944,308,2993,407,2351,309,1921,481,1475,373,2368,1118,노원구,상계34동
1111077,27797,4410,2389,280,2219,246,2958,538,2955,452,3325,421,3233,417,2835,344,2525,315,1772,205,1162,326,1002,232,1422,634,노원구,상계67동
1111078,31271,4566,2420,85,2055,95,2685,295,3111,315,3675,336,3395,289,2997,273,2858,310,2200,251,1858,530,1504,446,2513,1341,노원구,중계23동
1111079,32318,8301,3610,2061,3298,1583,3469,725,3065,591,2953,491,2818,423,2980,376,3206,391,2428,323,1625,372,1304,313,1562,652,노원구,공릉1동
1112051,25948,4835,1791,317,2137,355,2685,520,2642,460,2544,370,2483,350,2425,328,2548,364,1896,293,1607,403,1293,313,1897,762,은평구,녹번동
1112052,33277,4973,2492,324,2651,413,3371,533,3381,485,3436,371,3213,336,3309,311,3199,336,2365,277,1962,430,1511,339,2387,818,은평구,불광1동
1112055,19569,3518,1708,310,1725,352,1898,407,1610,297,1887,273,1971,267,1954,268,2007,288,1451,214,1288,267,879,177,1191,398,은평구,갈현1동
1112056,24103,3493,2008,252,2002,260,2447,395,2385,351,2576,274,2674,271,2364,311,2256,309,1590,188,1366,253,1043,175,1392,454,은평구,갈현2동
1112057,26628,2940,2244,152,1922,145,2410,292,2329,254,2826,285,2833,276,2760,243,2685,251,2089,176,1665,235,1139,158,1726,473,은평구,구산동
1112058,26445,6590,2075,638,2549,758,3013,918,2622,735,2600,525,2452,481,2379,420,2447,431,1843,359,1592,383,1141,263,1732,679,은평구,대조동
1112059,25303,4875,1901,458,2092,585,2718,671,2695,616,2755,384,2529,314,2367,314,2320,322,1711,244,1487,246,1091,189,1637,532,은평구,응암1동
1112060,18014,2090,1262,82,1206,92,1786,184,2173,199,2255,217,1830,143,1694,131,1635,146,1212,107,1082,225,700,144,1179,420,은평구,응암2동
1112065,22343,3017,1837,252,1883,294,2359,363,2282,313,2312,244,2174,215,2205,214,2224,229,1572,165,1322,191,861,126,1312,411,은평구,신사1동
1112066,17199,2364,1397,130,1315,139,1656,296,1556,250,1781,191,1815,174,1721,180,1776,186,1409,164,1026,172,770,126,977,356,은평구,신사2동
1112067,15714,2042,1143,100,1219,124,1568,279,1455,222,1598,164,1530,142,1586,152,1575,165,1285,142,938,168,756,137,1061,247,은평구,증산동
1112068,13964,2057,989,99,1067,115,1269,229,1179,206,1248,166,1299,142,1432,131,1577,141,1202,122,866,168,694,191,1142,347,은평구,수색동
1112071,38116,4678,2692,582,2627,641,2946,600,4470,697,5627,397,4408,297,3624,225,3511,251,2551,179,1957,201,1550,150,2153,458,은평구,진관동
1112072,24296,5606,1988,461,1997,509,2264,573,2029,439,2262,399,2334,383,2420,373,2509,440,1893,357,1629,516,1171,395,1800,761,은평구,불광2동
1112073,21859,4698,1687,316,1790,364,2096,557,1887,459,2066,318,2135,328,2163,424,2146,447,1620,334,1409,342,1166,262,1694,547,은평구,응암3동
1112074,38713,5495,3123,404,3088,450,4165,728,4237,619,4111,439,3818,382,3667,333,3582,389,2797,309,2217,380,1660,317,2248,745,은평구,역촌동
1113052,15642,2662,1371,220,1217,214,1481,220,1540,212,1793,214,1571,182,1532,173,1374,165,984,134,838,179,736,173,1205,576,서대문구,천연동
1113062,19641,3338,1710,299,1559,249,1791,236,1810,281,1952,313,2022,312,1829,250,1954,268,1407,173,1198,221,926,160,1483,576,서대문구,홍제1동
1113064,15752,2439,1205,175,1206,232,1310,179,1244,153,1506,178,1654,175,1570,170,1553,174,1247,148,998,203,817,165,1442,487,서대문구,홍제3동
1113065,12310,1440,999,103,977,114,1081,121,1046,109,1228,90,1276,84,1389,126,1223,132,883,95,757,120,626,97,825,249,서대문구,홍제2동
1113066,19680,2752,1755,229,1467,206,1548,189,1521,163,1919,187,2016,189,2082,207,2044,226,1478,168,1215,206,1027,176,1608,606,서대문구,홍은1동
1113068,24230,3865,2410,545,2104,544,1995,365,1999,288,2476,273,2497,265,2440,254,2345,260,1722,200,1384,220,1095,175,1763,476,서대문구,홍은2동
1113069,4686,478,226,27,233,30,304,26,529,41,712,37,597,32,519,38,418,44,331,31,311,60,204,38,302,74,서대문구,남가좌1동
1113070,23828,3372,3043,651,2130,485,1929,211,1898,202,2361,186,2325,176,2168,192,2119,209,1682,182,1373,227,1074,171,1726,480,서대문구,남가좌2동
1113071,12935,1180,976,69,957,76,1323,127,1440,128,1551,71,1425,63,1292,94,1175,88,835,68,723,115,485,75,753,206,서대문구,북가좌1동
1113072,29916,4366,2572,428,2335,493,2795,465,2880,400,3056,305,3052,309,2906,251,2891,260,2163,230,1864,360,1374,254,2028,611,서대문구,북가좌2동
1113073,16073,3134,1610,541,1538,502,1498,354,1386,269,1475,194,1561,225,1575,165,1548,157,1083,147,887,134,736,124,1176,322,서대문구,충현동
1113074,8266,1466,750,140,748,151,766,113,731,128,825,106,831,106,845,108,752,101,574,87,488,116,373,87,583,223,서대문구,북아현동
1113075,22396,10087,7081,3680,5000,2757,2416,1420,1359,756,1091,278,998,247,971,169,894,168,679,133,630,133,552,120,725,226,서대문구,신촌동
1113076,35166,8403,4000,2411,4634,2262,3753,898,2832,675,3188,300,3219,290,2914,206,2830,202,2067,174,1764,233,1384,166,2581,586,서대문구,연희동
1114059,15900,2480,1031,158,1192,210,1767,304,2134,375,2222,249,1640,193,1459,165,1293,156,909,104,697,109,547,91,1009,366,마포구,용강동
1114060,14119,5392,2638,1317,2281,1276,1489,764,1076,506,1082,243,1000,214,1047,184,1006,189,733,163,563,155,473,135,731,246,마포구,대흥동
1114061,13348,2403,1283,377,1361,401,1390,254,1212,211,1312,152,1289,128,1282,143,1173,134,906,112,716,113,566,103,858,275,마포구,염리동
1114063,15370,2664,1559,454,1601,521,1654,284,1579,253,1703,179,1418,146,1288,110,1318,112,910,86,791,122,560,84,989,313,마포구,신수동
1114066,24421,9692,2619,1692,3826,2322,3797,1893,2637,1170,2231,772,1811,593,1654,241,1548,216,1196,189,1037,146,819,113,1246,345,마포구,서교동
1114068,15810,4169,1388,420,2039,782,2429,964,1728,655,1357,284,1215,218,1300,131,1201,109,973,117,782,110,545,79,853,300,마포구,합정동
1114069,18238,4033,1396,411,1838,615,2356,758,1966,582,1928,300,1682,256,1567,174,1546,196,1117,138,1007,141,728,102,1107,360,마포구,망원1동
1114070,16229,2425,1283,205,1390,296,1832,338,1861,304,1973,239,1598,189,1380,115,1379,126,1040,98,917,129,639,95,937,291,마포구,망원2동
1114071,15911,4729,1374,601,2068,979,2138,953,1656,646,1521,330,1320,271,1174,135,1315,163,994,119,749,143,645,129,957,260,마포구,연남동
1114072,17084,3659,1436,422,1659,528,2019,660,1857,531,1940,321,1662,265,1556,168,1398,156,1085,133,860,134,694,102,918,239,마포구,성산1동
1114073,30870,6660,2196,825,2465,1148,3218,849,3335,800,3905,415,3422,346,2749,249,2530,235,1901,193,1718,414,1320,332,2111,854,마포구,성산2동
1114074,23999,4064,1736,467,1832,634,2338,557,3045,645,3762,343,2822,266,2082,210,1896,195,1377,154,1036,136,880,123,1193,334,마포구,상암동
1114075,18100,3091,1235,264,1638,400,2084,421,1781,320,1883,197,1670,169,1748,177,1722,179,1249,135,963,189,806,158,1321,482,마포구,도화동
1114076,23021,5427,2942,1152,2885,1096,2675,777,2536,674,2428,333,1964,279,1993,165,1713,165,1192,109,884,149,702,127,1107,401,마포구,서강동
1114077,31669,6615,2598,757,3101,1096,3655,912,2984,667,3160,403,3170,434,3192,330,2869,337,1958,239,1641,366,1214,291,2127,783,마포구,공덕동
1114078,22232,2987,1741,182,2013,257,3032,424,2515,335,2120,270,2049,209,2272,204,2127,216,1408,153,960,196,800,133,1195,408,마포구,아현동
1115051,23065,1206,1861,78,1588,63,1730,115,2157,119,3455,110,3752,118,2691,91,2127,74,1348,50,964,107,656,64,736,217,양천구,목1동
1115052,24676,3934,2322,406,2387,430,3136,715,2305,472,2375,305,2548,384,2680,217,2404,201,1658,160,1080,179,845,138,936,327,양천구,목2동
1115053,17604,2703,1555,195,1757,257,2052,406,1652,275,1592,238,1722,259,1814,185,1846,210,1267,143,897,169,662,125,788,241,양천구,목3동
1115054,20438,2229,2095,151,1506,127,1567,282,1637,271,2542,188,3184,216,2557,189,1725,136,1155,101,954,169,679,127,837,272,양천구,목4동
1115057,19439,3467,1559,137,1511,147,1833,302,1850,273,1875,316,1944,318,2215,392,2112,445,1619,312,1232,280,789,182,900,363,양천구,신월1동
1115058,18343,1775,1442,82,1467,81,1939,158,1915,156,1774,148,1700,143,1828,137,2041,158,1495,126,1147,178,779,122,816,286,양천구,신월2동
1115059,14797,2897,1308,106,1186,110,1308,244,1268,191,1390,235,1598,270,1675,358,1634,385,1165,269,881,203,562,165,822,361,양천구,신월3동
1115060,15126,1258,1155,56,1072,52,1628,107,1862,112,1574,83,1444,78,1448,114,1584,129,1227,113,897,131,555,83,680,200,양천구,신월4동
1115061,12566,1647,1135,99,1035,107,1208,177,1241,158,1310,123,1385,124,1376,163,1284,192,916,120,679,122,442,85,555,177,양천구,신월5동
1115062,9311,1321,760,106,731,123,812,152,710,120,894,88,963,96,1037,98,1127,120,873,94,568,103,371,69,465,152,양천구,신월6동
1115063,18408,2571,1408,74,1402,81,1906,181,1793,153,1756,206,1739,203,1910,234,1843,235,1522,230,1034,240,945,218,1150,516,양천구,신월7동
1115064,13328,917,1147,41,835,35,808,62,1002,71,1711,58,2170,73,1714,97,1238,77,917,62,662,75,475,56,649,210,양천구,신정1동
1115065,15951,1247,1653,60,1180,49,962,108,1077,111,1904,63,2438,85,2195,113,1633,96,1021,73,663,118,542,108,683,263,양천구,신정2동
1115066,42169,4327,3338,201,3031,191,3873,384,4399,443,5185,362,5133,373,4457,404,4098,407,2945,294,2126,379,1624,303,1960,586,양천구,신정3동
1115069,18601,774,1725,45,1225,33,1350,68,1460,65,2419,58,3048,79,2453,73,1716,46,1193,35,799,51,608,38,605,183,양천구,신정6동
1115070,24085,2538,2186,58,1765,53,1711,144,1759,129,2734,150,3156,169,3025,253,2474,213,1698,165,1224,294,1028,246,1325,664,양천구,신정7동
1115071,30253,911,2622,70,2074,66,1823,102,2247,118,4645,46,5155,56,3896,38,2914,27,1837,19,1112,70,939,61,989,238,양천구,목5동
1115072,29765,6008,2451,531,2679,727,3687,901,3067,648,2772,475,2703,499,2845,438,2900,405,2313,351,1784,307,1178,214,1386,512,양천구,신정4동
1116051,30672,2813,2431,348,2422,398,3254,429,3702,476,4242,187,3658,151,3147,147,2808,144,1875,107,1277,125,886,87,970,214,강서구,염창동
1116052,18322,5262,1521,585,2475,1077,2739,1104,1977,802,1697,334,1541,291,1578,149,1466,132,942,109,714,125,629,108,1043,446,강서구,등촌1동
1116053,17163,1867,1573,158,1614,203,1811,295,1559,226,1558,142,1753,141,1867,124,1840,129,1356,100,964,89,605,54,663,206,강서구,등촌2동
1116054,28081,5357,2571,142,2453,174,2778,471,2203,303,2291,285,2635,309,3112,536,3134,595,2115,456,1424,469,1358,481,2007,1136,강서구,등촌3동
1116055,28743,5974,2166,513,2772,807,3974,1011,3555,845,3176,584,2614,434,2429,327,2510,353,1974,283,1436,269,976,186,1161,362,강서구,화곡본동
1116057,15922,2703,1155,137,1312,177,1996,336,1873,295,1868,295,1542,242,1427,250,1450,228,1140,201,913,236,583,115,663,191,강서구,화곡2동
1116058,18995,2225,1608,183,1807,230,1864,252,1688,232,1665,175,1641,173,1931,158,2198,188,1594,141,1224,141,795,93,980,259,강서구,화곡3동
1116059,18861,2965,1458,150,1605,183,2177,370,1989,322,1855,269,1722,214,1866,278,1984,325,1477,249,1148,188,717,131,863,286,강서구,화곡4동
1116061,20623,3713,1690,335,2011,466,2570,745,2096,548,1899,275,1874,256,2051,210,2187,226,1622,171,1067,128,766,90,790,263,강서구,화곡6동
1116063,21910,3555,1501,279,1978,414,2887,554,2623,477,2195,295,1855,239,1926,208,2062,231,1678,202,1405,220,824,133,976,303,강서구,화곡8동
1116064,18290,7940,1505,797,1844,1473,2307,2210,1969,1454,1763,561,1765,542,1946,197,1976,196,1194,145,792,101,587,78,642,186,강서구,가양1동
1116065,14679,3980,1140,280,1534,352,1626,411,1094,236,803,166,866,177,1494,334,1850,418,1450,369,953,339,725,281,1144,617,강서구,가양2동
1116066,16164,3391,1178,119,1439,164,2015,333,1576,264,1304,237,1257,272,1551,231,1683,296,1343,239,965,294,819,327,1034,615,강서구,가양3동
1116067,28928,2337,2613,117,1923,120,2604,143,3570,134,4081,168,3612,175,2925,311,2473,239,1613,164,1379,238,927,182,1208,346,강서구,발산1동
1116069,17820,3783,1269,383,1886,520,2139,411,1786,427,1658,354,1585,283,1812,289,1811,312,1279,224,971,168,636,121,988,291,강서구,공항동
1116070,32628,3625,2415,278,2578,343,3593,432,3930,423,3713,257,3018,255,3196,248,3204,258,2392,207,1794,237,1234,176,1561,511,강서구,방화1동
1116071,20455,4509,1550,371,1905,495,2055,522,1850,361,1818,334,1778,316,1976,324,2161,359,1693,304,1308,299,956,219,1405,605,강서구,방화2동
1116072,21127,4186,1420,161,1818,244,2300,384,2204,340,1936,347,1795,315,1984,292,2295,369,1741,294,1263,359,1007,373,1364,708,강서구,방화3동
1116073,44126,11405,3308,956,4699,1786,6082,2098,4919,1494,3840,900,3532,714,3978,589,4313,776,3326,579,2636,484,1596,316,1897,713,강서구,화곡1동
1116074,34136,2680,2691,233,2622,245,3387,357,3919,332,4560,239,3986,199,3367,185,3180,185,2437,148,1758,162,1033,93,1196,302,강서구,우장산동
1117051,28437,2878,2001,173,2334,207,3631,459,3654,402,3356,308,2666,248,2670,195,2616,184,2087,144,1450,158,942,95,1030,305,구로구,신도림동
1117052,17451,2343,1363,214,1533,271,2380,335,2230,305,2014,299,1674,255,1654,144,1742,130,1133,97,674,96,507,56,547,141,구로구,구로1동
1117054,23646,8622,1508,866,3524,2058,3943,2005,2971,1364,2423,596,1812,393,1714,275,1770,282,1339,161,1118,197,606,113,918,312,구로구,구로3동
1117055,26110,5215,1533,328,2366,610,2910,719,2510,548,2480,384,2555,341,2995,429,2776,427,2135,303,1549,314,875,178,1426,634,구로구,구로4동
1117056,29441,6789,2132,728,3143,1381,3744,1080,3079,808,2826,531,2761,518,2952,366,2922,377,2127,282,1557,205,921,126,1277,387,구로구,구로5동
1117061,20193,2086,1761,135,1702,141,1877,172,1882,154,1965,168,1992,173,2065,163,2107,173,1662,152,1225,158,833,105,1122,392,구로구,고척1동
1117062,24014,2865,2127,131,1795,112,2034,220,2459,241,2603,277,2620,247,2491,302,2367,285,1764,218,1436,243,980,158,1338,431,구로구,고척2동
1117064,26200,2006,1791,68,2127,88,2876,182,2906,173,2500,155,2108,139,2367,185,2795,209,2403,172,1887,188,1147,117,1293,330,구로구,개봉2동
1117065,18683,2071,1436,84,1443,96,1950,214,1962,180,1883,168,1833,152,1759,171,1907,206,1583,180,1163,200,780,132,984,288,구로구,개봉3동
1117067,18256,4436,1343,488,1924,750,2332,734,1870,533,1626,300,1486,267,1633,201,1780,229,1372,188,1096,218,792,162,1002,366,구로구,오류1동
1117068,34950,5631,2628,584,2522,636,3632,685,4393,610,4098,398,3235,336,3092,388,3259,339,2558,257,2073,358,1556,303,1904,737,구로구,오류2동
1117069,20097,2131,1549,95,1604,114,2147,196,2267,192,2010,161,1899,146,1923,179,2018,196,1612,158,1232,198,796,132,1040,364,구로구,수궁동
1117070,17935,6166,717,339,1240,620,1318,590,1221,524,1653,465,2293,658,2746,713,2610,728,1809,533,1038,412,539,204,751,380,구로구,가리봉동
1117071,34892,5512,2221,284,2803,413,3040,600,2775,476,3470,475,3933,483,4324,558,4022,616,3058,488,2053,328,1307,251,1886,540,구로구,구로2동
1117072,35526,22143,2787,1294,2814,1785,2923,450,3473,2319,4081,4081,3533,2215,3935,3935,3842,2478,2474,340,1933,469,1672,1195,2059,1582,구로구,개봉1동
1118051,21993,11858,1397,1397,3295,2737,3038,2721,2059,1718,1806,707,1963,712,2340,576,2268,336,1572,257,1029,243,593,152,633,302,금천구,가산동
1118052,28326,7536,2081,829,3328,1419,3585,1514,2794,893,2637,483,2589,451,2743,334,2721,340,1938,253,1422,306,1110,255,1378,459,금천구,독산1동
1118053,19775,4009,1626,179,1725,216,1844,364,1544,278,1851,357,2318,436,2473,540,2166,501,1581,379,1062,236,700,146,885,377,금천구,독산2동
1118054,28106,5935,1971,364,2356,494,2587,594,2256,482,2554,492,3268,570,3699,758,3268,686,2425,534,1523,309,996,210,1203,442,금천구,독산3동
1118055,16707,3441,1364,170,1367,194,1435,288,1418,262,1666,313,1979,366,2122,478,1830,453,1347,318,919,213,562,122,698,264,금천구,독산4동
1118057,31106,5363,2291,378,2615,492,3083,598,3061,520,2974,401,3263,430,3466,458,3208,445,2427,365,1759,403,1258,292,1701,581,금천구,시흥1동
1118058,18677,1794,1444,43,1317,45,1477,104,1760,110,2130,115,2095,112,2027,183,1994,208,1420,154,1118,204,754,141,1141,375,금천구,시흥2동
1118059,10209,1382,789,50,762,53,950,157,865,129,944,128,989,127,1078,118,1169,133,893,104,657,83,522,70,591,230,금천구,시흥3동
1118060,19349,2713,1606,62,1536,79,1671,203,1658,176,1868,216,2034,238,2220,334,2172,346,1611,271,1169,273,797,150,1007,365,금천구,시흥4동
1118061,18692,3481,1464,101,1421,116,1588,250,1489,209,1872,258,1942,272,2037,410,1979,430,1486,337,1212,312,890,226,1312,560,금천구,시흥5동
1119054,25432,2899,1541,166,1958,261,2444,424,2616,389,2681,261,2478,220,2480,115,2424,138,1903,91,1600,144,1269,115,2038,575,영등포구,여의동
1119055,17139,4002,1203,357,1791,534,2304,559,1854,477,1617,346,1388,255,1490,234,1599,264,1269,212,961,212,729,169,934,383,영등포구,당산1동
1119056,28974,7566,2543,1007,4014,1781,4249,1655,3063,1389,2648,403,2269,325,2370,156,2410,160,1824,127,1314,132,992,108,1278,323,영등포구,당산2동
1119061,13617,3403,863,330,1355,566,2059,644,1863,530,1420,253,1140,195,1036,134,1060,150,830,121,716,117,532,88,743,275,영등포구,양평1동
1119062,17160,3114,1319,372,1864,566,2401,671,1973,447,1952,241,1696,202,1504,110,1505,118,954,77,747,67,554,54,691,189,영등포구,양평2동
1119063,19707,6937,1539,726,2096,1282,2099,945,1727,800,1782,402,1854,409,2034,369,2010,579,1455,312,1084,363,847,241,1180,509,영등포구,신길1동
1119065,14088,2397,964,126,1119,169,1194,153,1148,160,1407,178,1544,188,1614,257,1669,292,1129,203,860,207,615,143,825,321,영등포구,신길3동
1119066,11330,2111,850,145,934,170,902,234,825,187,1045,150,1215,161,1392,178,1350,195,948,142,724,154,499,107,646,288,영등포구,신길4동
1119067,15056,2688,1057,201,1133,243,1234,248,1200,225,1487,215,1676,238,1835,236,1856,249,1261,187,912,184,633,129,772,333,영등포구,신길5동
1119068,19972,3794,1499,412,1811,556,2002,545,1843,439,1834,246,1994,266,2220,215,2142,207,1675,215,1124,163,773,118,1055,412,영등포구,신길6동
1119069,11752,1407,1062,156,1085,168,1201,167,1204,174,1314,130,1359,126,1237,91,1054,82,760,70,521,66,401,40,554,137,영등포구,신길7동
1119070,16414,3264,1174,257,1380,334,1443,323,1295,248,1580,272,1729,298,2000,288,1892,304,1396,248,999,214,665,132,861,346,영등포구,대림1동
1119071,23714,5517,1143,437,2154,892,2072,666,1888,598,2149,452,2807,578,3330,413,2985,467,2156,297,1331,271,695,150,1004,296,영등포구,대림2동
1119072,27154,4059,1805,194,2517,292,2849,429,2471,352,2551,327,2932,465,3255,422,3141,424,2117,295,1427,282,884,163,1205,414,영등포구,대림3동
1119073,22709,2823,1577,158,1988,209,2344,311,2262,239,2130,176,2348,241,2534,259,2499,300,1864,211,1270,218,847,178,1046,323,영등포구,영등포본동
1119074,16816,7661,1172,1172,2416,1636,2337,1332,1662,874,1390,451,1256,593,1483,317,1570,337,1199,275,918,217,604,145,809,312,영등포구,영등포동
1119075,20445,4665,1277,316,2144,573,2545,726,2028,523,1920,421,2023,430,2189,332,2050,339,1536,254,1042,210,666,131,1025,410,영등포구,도림동
1119076,25080,3874,1546,272,1965,338,3193,632,3324,646,3086,316,2279,289,2000,198,2137,170,1787,134,1414,203,986,154,1363,522,영등포구,문래동
1120052,13232,3644,1147,309,1556,493,1484,570,938,346,1058,269,1200,289,1321,227,1346,254,994,198,757,194,599,155,832,340,동작구,노량진2동
1120053,40317,11420,5509,4234,5304,2865,4399,931,4034,757,3711,391,3080,371,3093,244,3288,213,2424,197,1922,288,1458,209,2095,720,동작구,상도1동
1120054,20470,3624,1781,530,2215,699,2488,530,2108,351,1952,221,1793,217,1733,158,1810,173,1444,145,1125,135,787,98,1234,367,동작구,상도2동
1120055,20603,3969,1694,534,2035,610,2376,630,2173,460,2020,313,1836,217,1813,175,1833,221,1411,163,1255,189,922,140,1235,317,동작구,상도3동
1120056,24183,4299,1973,452,2331,589,2807,667,2463,529,2360,311,2212,275,2285,218,2256,231,1704,193,1386,221,938,151,1468,462,동작구,상도4동
1120063,20968,6763,1628,804,3021,1565,3080,1353,2091,848,1598,399,1437,325,1758,277,1953,307,1505,266,1204,213,796,132,897,274,동작구,사당1동
1120065,20121,2599,1605,257,1976,351,2189,337,2109,295,1818,197,1690,179,1839,151,1982,166,1637,145,1349,181,858,108,1069,232,동작구,사당3동
1120066,12566,2845,984,338,1244,523,1572,455,1345,329,1174,203,1014,164,1125,118,1152,112,912,95,824,155,504,96,716,257,동작구,사당4동
1120067,11046,2050,857,225,1046,307,1316,282,1270,253,1150,166,986,159,1022,102,1003,105,739,85,630,114,439,78,588,174,동작구,사당5동
1120068,31071,6100,3157,989,2944,1012,2894,882,2913,741,3614,375,3650,369,3016,255,2524,191,1962,183,1570,329,1204,256,1623,518,동작구,대방동
1120069,22756,3171,1622,306,1909,425,2050,366,2091,359,2625,224,2649,219,2604,230,2497,237,1708,164,1128,184,780,139,1093,318,동작구,신대방1동
1120070,16469,3444,1187,456,1557,651,1852,554,1782,456,1968,223,1705,188,1466,159,1416,156,1071,124,880,130,629,94,956,253,동작구,신대방2동
1120071,31580,5112,5442,1496,3546,859,2812,404,2608,334,2612,220,2572,215,2634,191,2534,194,1943,160,1617,234,1260,182,2000,623,동작구,흑석동
1120072,31172,6146,2327,839,4077,1278,4672,992,2918,551,2544,322,2395,306,2577,231,2850,272,2109,201,1602,311,1238,225,1863,618,동작구,노량진1동
1120073,25074,3303,1816,242,2280,332,3039,479,2673,358,2251,274,1953,237,2362,177,2596,198,1971,159,1644,252,1027,161,1462,434,동작구,사당2동
1121052,22693,8284,1904,1580,2369,1678,2733,1311,2297,946,2081,495,1792,447,2028,311,2134,268,1695,273,1385,280,990,182,1285,513,관악구,보라매동
1121054,13186,1608,891,98,1025,120,1587,164,1634,151,1505,123,1172,95,1124,101,1152,115,950,95,748,124,542,96,856,326,관악구,청림동
1121057,26145,10643,2656,1655,4379,2801,3798,2428,2439,1312,2110,466,1771,388,1948,289,1982,301,1640,264,1429,233,901,145,1092,361,관악구,행운동
1121058,19602,6340,3999,1423,4388,1803,2749,1178,1643,629,1308,290,990,222,1011,146,1016,153,762,130,664,125,419,76,653,165,관악구,낙성대동
1121061,13220,5060,1339,833,2165,1397,1733,892,1154,542,996,230,922,211,1038,147,1069,174,857,138,758,169,502,105,687,222,관악구,중앙동
1121062,23726,7861,2262,1159,3438,2133,3369,1588,2433,1033,2181,379,1921,302,1730,228,1705,218,1477,203,1264,221,791,132,1155,265,관악구,인헌동
1121063,15531,4596,1420,944,2276,1001,2276,862,1637,556,1182,258,1064,223,1221,114,1334,144,1050,123,864,119,534,71,673,181,관악구,남현동
1121064,21383,8502,2037,1331,3430,2161,3259,1701,2128,1035,1671,482,1533,415,1604,252,1720,276,1319,224,1023,203,691,136,968,286,관악구,서원동
1121065,17493,5650,1364,731,2215,1220,2176,943,1605,632,1529,334,1507,283,1571,274,1612,291,1254,221,992,192,677,126,991,403,관악구,신원동
1121066,22047,9061,2325,1348,3497,2257,3273,1740,2160,1287,1779,554,1627,484,1637,288,1621,288,1399,267,1013,181,764,133,952,234,관악구,서림동
1121068,23729,8530,1870,1121,2973,2062,2858,1464,2164,979,2300,521,2301,486,2452,418,2201,413,1580,276,1188,237,755,144,1087,409,관악구,신사동
1121069,18510,12151,2105,1838,4485,3658,3464,2830,1829,1363,1321,685,985,505,977,261,985,380,787,237,634,155,385,83,553,156,관악구,신림동
1121071,13009,1694,830,65,889,83,1216,125,1608,156,1732,172,1281,119,1189,151,1210,159,1008,146,787,132,516,91,743,295,관악구,난향동
1121072,17990,6267,1246,637,2319,1307,2192,1117,1693,867,1521,382,1643,408,1826,349,1841,367,1355,301,915,166,656,122,783,244,관악구,조원동
1121073,21582,11322,2350,2137,3652,2587,3164,1992,2313,1371,2068,935,1665,733,1526,408,1475,384,1081,286,879,168,582,99,827,222,관악구,대학동
1121078,29364,5709,2262,713,2928,947,3446,818,3199,707,3048,393,2684,333,2535,244,2659,274,2177,256,1745,322,1168,209,1513,493,관악구,은천동
1121079,26309,3657,1864,198,1891,232,2446,299,2762,291,3187,251,2764,219,2488,293,2486,315,1957,305,1654,377,1182,247,1628,630,관악구,성현동
1121080,27259,15111,3048,3013,4785,4758,3745,3007,2408,1450,2183,630,1919,490,1965,300,2081,341,1658,276,1386,250,907,159,1174,437,관악구,청룡동
1121081,25042,4660,2313,302,2088,300,2295,450,2171,381,2366,364,2543,386,2710,426,2472,415,1892,332,1610,412,1125,290,1457,602,관악구,난곡동
1121082,22733,3628,1667,101,1655,120,1851,291,1852,269,2111,258,2199,270,2362,303,2463,345,1937,285,1676,352,1222,267,1738,767,관악구,삼성동
1121083,27642,4618,2298,480,2490,578,2674,584,2592,491,2674,389,2568,356,2804,274,2830,329,2309,248,1781,350,1268,201,1354,338,관악구,미성동
1122051,17276,3322,2002,448,1639,405,1945,653,1844,561,1809,282,1552,232,1435,147,1476,160,1165,129,893,95,649,68,867,142,서초구,서초1동
1122052,15983,3649,1077,312,1501,538,2054,808,1897,621,1844,315,1626,277,1450,148,1409,143,1129,123,851,141,528,85,617,138,서초구,서초2동
1122053,23894,4753,2288,625,2569,711,2501,1190,2006,552,2157,329,2439,352,2377,198,2301,208,1651,151,1449,143,927,90,1229,204,서초구,서초3동
1122054,20419,1336,1478,148,1412,144,1741,199,2090,176,2922,123,2715,129,2064,44,1762,40,1400,32,1129,70,701,45,1005,186,서초구,서초4동
1122055,25079,3478,1713,252,2120,370,2825,583,2821,511,3426,342,3334,321,2397,203,2024,179,1528,150,1066,165,825,129,1000,273,서초구,잠원동
1122056,8623,627,614,38,412,30,452,90,636,109,1418,62,1551,69,900,34,620,25,520,18,570,46,366,29,564,77,서초구,반포본동
1122057,23236,4885,1614,536,2605,1000,3011,1027,2983,860,3062,331,2411,253,1919,189,1798,186,1392,158,998,108,661,67,782,170,서초구,반포1동
1122058,12528,710,765,52,720,56,934,66,1338,83,2024,54,1866,48,1290,38,1039,30,762,26,701,54,447,34,642,169,서초구,반포2동
1122059,14506,1009,1030,55,955,60,1248,99,1618,111,2195,94,2018,82,1392,69,1237,60,894,46,669,56,519,42,731,235,서초구,반포3동
1122060,15714,2096,1181,131,1270,165,1561,253,1708,227,1954,242,1736,193,1448,181,1431,115,1206,102,871,68,623,43,725,376,서초구,반포4동
1122061,15882,1474,1308,94,1241,110,1296,222,1464,215,1992,123,2163,130,1719,114,1373,96,1002,72,829,75,549,43,946,180,서초구,방배본동
1122062,13544,2265,1150,254,1275,306,1709,453,1500,316,1312,181,1235,167,1196,115,1161,115,996,103,797,54,531,35,682,166,서초구,방배1동
1122063,22769,2716,1995,273,2171,312,2523,391,2135,337,2050,157,2141,167,2218,153,2332,150,1764,130,1439,205,832,119,1169,322,서초구,방배2동
1122064,18855,1603,1845,126,1785,138,1681,200,1523,168,1570,97,1792,102,2005,136,2147,146,1623,119,1201,86,703,50,980,235,서초구,방배3동
1122065,19201,3039,1542,282,1713,369,2086,568,1936,444,2163,230,2231,225,1867,158,1636,127,1222,107,1037,146,708,94,1060,289,서초구,방배4동
1122066,34962,5074,2439,351,2801,441,4160,866,4600,744,4090,388,3224,340,3020,327,3130,336,2598,330,1993,290,1330,214,1577,447,서초구,양재1동
1122067,18727,5528,1269,279,2052,620,2661,1125,2279,951,2121,500,1709,492,1667,344,1579,317,1199,360,876,191,616,126,699,223,서초구,양재2동
1122068,13294,1526,933,110,940,125,1674,184,1728,176,1285,111,1106,96,1168,112,1219,116,1034,108,901,121,586,78,720,189,서초구,내곡동
1123051,14073,2539,993,247,1350,350,1561,477,1447,416,1547,190,1526,166,1235,105,1089,91,905,82,893,119,562,71,965,225,강남구,신사동
1123052,21396,9170,1623,906,3173,1775,3795,2270,2769,1554,1968,789,1542,586,1449,268,1482,308,1194,239,927,161,672,114,802,200,강남구,논현1동
1123053,18991,6020,1328,536,2206,862,2807,1318,2415,1160,2016,677,1578,529,1466,215,1429,199,1209,191,1065,89,589,50,883,194,강남구,논현2동
1123058,11803,1786,964,125,1003,153,1253,335,1090,282,1146,176,1320,190,1278,106,1120,97,864,68,701,80,456,42,608,132,강남구,삼성1동
1123059,23021,4569,1559,376,2105,638,2975,970,3020,933,3171,418,2806,356,1953,197,1591,173,1255,142,1028,100,657,60,901,206,강남구,삼성2동
1123060,13918,400,1200,36,785,29,558,41,794,52,2075,29,2896,35,2021,36,1221,23,830,15,622,21,439,15,477,68,강남구,대치1동
1123063,16890,5617,1637,1021,1801,626,2123,1159,1776,926,1973,486,2256,584,1721,218,1190,175,752,123,668,100,424,62,569,137,강남구,대치4동
1123064,31085,16665,2222,1504,5035,2981,6067,4394,4168,3502,2748,1384,2181,1069,2010,449,2069,470,1603,378,1206,197,788,120,988,217,강남구,역삼1동
1123065,25777,4919,1809,570,2169,853,3035,971,3159,870,3875,314,3618,304,2296,232,1713,180,1308,129,1132,141,699,94,964,261,강남구,역삼2동
1123066,16853,1895,1376,170,1684,251,1783,384,1629,317,1685,142,1885,156,1823,90,1684,86,1229,65,839,66,576,43,660,125,강남구,도곡1동
1123067,24716,1493,1886,111,1772,66,2040,155,2093,145,3027,137,3584,181,2901,98,2256,120,1836,70,1385,107,857,67,1079,236,강남구,도곡2동
1123068,11782,1721,1236,184,1162,206,1003,250,667,156,739,79,1272,127,1429,133,1489,148,1015,99,729,113,476,72,565,154,강남구,개포1동
1123071,17291,2471,1452,149,1625,182,1845,406,1715,345,1805,245,1988,264,1861,188,1752,195,1234,146,802,101,588,71,624,179,강남구,개포4동
1123072,18072,1156,1358,68,1315,81,1630,106,1545,81,2233,78,2545,86,2038,89,1821,84,1352,68,986,147,640,71,609,197,강남구,일원본동
1123073,14193,2903,1165,215,1435,334,1471,388,1268,312,1098,184,1294,178,1408,162,1564,221,1195,185,913,237,637,177,745,310,강남구,일원1동
1123074,12261,1962,776,66,884,89,1542,235,1302,183,1197,121,1181,123,1087,119,1237,133,1012,122,898,247,561,207,584,317,강남구,일원2동
1123075,13570,3348,789,82,1154,122,1649,241,1252,170,815,168,762,154,1064,210,1665,317,1460,399,1107,493,806,385,1047,607,강남구,수서동
1123076,30419,4829,2223,370,2261,433,3690,848,4101,836,3449,349,2971,311,2668,248,2607,257,2002,207,1572,214,1126,159,1749,597,강남구,세곡동
1123077,20523,2071,1265,111,1506,144,1829,235,2124,237,2452,185,2305,221,1831,121,1656,102,1592,108,1452,153,997,105,1514,349,강남구,압구정동
1123078,23079,3759,1769,307,2046,412,2558,692,2558,661,2646,391,2383,343,2219,168,2118,180,1617,143,1305,159,828,94,1032,209,강남구,청담동
1123079,29942,1429,3122,179,2321,160,1831,229,1693,207,3151,94,5098,130,4286,57,3019,40,2066,28,1506,85,938,54,911,166,강남구,대치2동
1123080,28163,2983,2642,210,2189,175,2983,397,2762,300,2860,226,3440,319,3318,221,2780,197,2081,149,1296,214,941,165,871,410,강남구,개포2동
1124051,15556,2499,1077,124,1367,187,1559,214,1428,165,1447,223,1472,217,1640,243,1811,287,1339,234,960,172,608,120,848,313,송파구,풍납1동
1124052,22005,2999,1970,255,2451,340,2700,474,2368,364,2297,294,2026,255,1890,171,2061,188,1523,151,1122,140,759,98,838,269,송파구,풍납2동
1124053,11627,1513,1024,87,939,92,999,183,1070,172,1318,144,1320,102,1289,139,1196,116,863,103,656,128,413,83,540,164,송파구,거여1동
1124054,19677,2834,1382,120,1467,152,2027,251,2021,218,2153,206,2210,243,1957,264,1912,274,1511,222,1192,265,809,194,1036,425,송파구,거여2동
1124055,17674,2699,1422,115,1250,121,1563,244,1573,200,1841,167,1843,166,1844,281,1850,302,1410,251,1104,241,823,163,1151,448,송파구,마천1동
1124056,17131,2419,1384,63,1340,67,1499,178,1436,167,1624,220,1775,232,1903,257,1851,272,1374,216,1031,214,787,162,1127,371,송파구,마천2동
1124057,12537,1447,1240,187,1029,136,1084,232,1109,246,1388,96,1491,101,1467,87,1202,78,905,68,680,51,444,38,498,127,송파구,방이1동
1124058,21521,6846,1833,710,2425,1534,3134,1298,2387,911,1915,565,1879,600,1999,253,2048,287,1499,215,987,159,682,105,733,209,송파구,방이2동
1124059,14267,598,1683,72,972,41,802,57,857,53,1596,36,2191,47,1835,48,1403,37,1187,33,743,26,526,19,472,129,송파구,오륜동
1124060,28740,2694,2662,123,2637,137,2648,256,2325,200,2682,307,3126,319,3282,244,3247,249,2301,190,1496,168,1078,123,1256,378,송파구,오금동
1124061,27073,8725,1902,893,2861,1250,3585,1506,2864,1271,2484,873,2317,776,2412,386,2395,456,2003,373,1745,319,1234,218,1271,404,송파구,송파1동
1124062,13581,997,1336,101,1242,106,1207,101,1147,86,1268,63,1530,74,1600,91,1512,85,1133,86,669,33,421,22,516,149,송파구,송파2동
1124063,28417,7368,2052,598,3100,1071,3996,1424,3210,1066,2922,696,2529,556,2659,383,2572,397,1905,302,1415,286,947,193,1110,396,송파구,석촌동
1124064,27593,7587,2073,605,3079,1064,4197,1706,3415,1313,2936,741,2514,620,2384,341,2352,346,1691,258,1276,188,731,106,945,299,송파구,삼전동
1124065,22275,3224,1939,243,2140,356,2599,515,2015,363,2196,330,2448,359,2536,216,2392,206,1487,141,1044,192,710,118,769,185,송파구,가락본동
1124066,8242,700,232,12,393,41,556,60,809,75,1122,78,982,103,1026,30,860,25,863,34,666,114,417,66,316,62,송파구,가락1동
1124067,26157,2290,2373,209,2334,247,2476,288,2511,255,3167,201,3147,192,2940,158,2667,171,1746,122,1130,130,787,92,879,225,송파구,가락2동
1124068,17664,2134,1575,222,1855,287,2051,367,1550,233,1608,189,1707,218,1859,129,1984,138,1422,92,877,72,606,52,570,135,송파구,문정1동
1124069,14792,4766,1021,429,1477,677,1756,1290,1475,802,1321,522,1200,428,1246,122,1540,120,1319,121,979,56,656,36,802,163,송파구,문정2동
1124071,25152,7524,2003,731,2964,1169,3606,1790,2859,1177,2428,666,2311,563,2350,281,2266,340,1667,243,1125,190,704,111,869,263,송파구,잠실본동
1124075,22418,1194,1465,71,1780,94,2671,135,2997,131,2709,88,2038,66,2038,68,2232,76,1746,64,1146,97,761,60,835,244,송파구,잠실4동
1124077,13318,781,1064,49,1140,63,1344,92,1124,64,1279,57,1409,60,1418,54,1481,59,1133,46,765,51,576,39,585,147,송파구,잠실6동
1124078,7691,524,586,41,460,42,581,75,568,67,725,41,904,50,802,25,777,26,722,24,578,24,418,17,570,92,송파구,잠실7동
1124079,23145,1146,1397,51,1324,59,2013,155,3277,232,4550,104,3496,79,2063,61,1689,55,1268,42,898,91,543,55,627,162,송파구,잠실2동
1124080,28495,1402,2009,43,2269,57,2744,144,2924,132,3203,121,3156,103,2649,71,2984,92,2450,80,1843,164,1097,99,1167,296,송파구,잠실3동
1124081,26931,3225,2338,170,2086,178,2838,366,3130,358,2990,304,2855,285,2897,313,2645,291,1828,202,1222,205,1043,197,1059,356,송파구,장지동
1124082,11889,1273,690,73,657,78,898,65,1475,102,2116,170,1722,139,1274,157,947,128,795,82,602,109,360,74,353,96,송파구,위례동
1125051,25266,2934,2134,164,1455,177,1920,336,3042,384,3111,162,2924,146,2364,260,2328,297,1784,210,1652,292,1217,209,1335,297,강동구,강일동
1125052,19188,2212,1896,224,1686,232,1643,273,1279,207,1697,159,2179,198,2466,153,2389,158,1595,127,1023,173,683,125,652,183,강동구,상일동
1125053,19367,1830,1637,87,1499,81,1757,170,1718,187,2163,137,2193,144,2111,163,2090,166,1561,122,1086,150,737,98,815,325,강동구,명일1동
1125054,13661,852,1309,110,1140,119,954,100,839,73,1403,44,1774,54,1767,69,1672,64,1198,49,672,25,523,23,410,122,강동구,명일2동
1125055,12205,851,983,47,976,56,1120,66,1302,66,1430,46,1376,43,1378,88,1257,82,803,58,603,79,479,65,498,155,강동구,고덕1동
1125056,8829,1335,600,77,585,103,596,74,959,107,1145,107,907,100,921,119,913,123,732,141,625,114,406,71,440,199,강동구,고덕2동
1125058,12219,1497,830,85,999,124,1454,227,1602,212,1508,159,1167,122,1153,89,1126,90,836,71,605,87,417,56,522,175,강동구,암사2동
1125059,13856,801,1011,51,997,60,1259,78,1633,91,1712,64,1612,53,1398,64,1488,79,1129,61,695,64,451,40,471,96,강동구,암사3동
1125061,24398,3720,1966,200,2099,236,2484,424,2225,314,2322,342,2221,347,2588,305,2693,327,1983,302,1500,283,1080,223,1237,417,강동구,천호1동
1125063,21733,4994,1533,362,1997,550,2520,669,2074,489,1924,399,1776,357,2171,362,2391,448,1910,343,1391,343,892,217,1154,455,강동구,천호3동
1125065,15011,1886,1095,138,1307,190,1706,273,1764,250,1692,176,1422,162,1399,131,1489,134,1146,107,855,132,527,83,609,110,강동구,성내1동
1125066,22074,5837,1535,449,2222,745,2640,822,2207,639,1932,460,1896,430,2311,445,2301,531,1815,436,1302,281,860,193,1053,406,강동구,성내2동
1125067,20139,3493,1672,344,1950,472,2345,458,2166,390,1955,281,1949,268,2063,259,1992,277,1488,210,1067,172,699,115,793,247,강동구,성내3동
1125070,14521,5072,1657,845,1326,666,1160,253,902,183,1155,113,1918,193,2023,1020,1794,926,1195,659,662,83,386,41,343,90,강동구,둔촌1동
1125071,22546,3217,1921,230,1992,299,2216,241,2132,211,2121,173,2378,675,2398,234,2500,257,1823,194,1225,200,831,135,1009,368,강동구,둔촌2동
1125072,29875,4723,2354,272,2470,299,3204,618,3148,477,2948,381,3045,358,3113,438,3019,452,2287,364,1737,329,1148,227,1402,508,강동구,암사1동
1125073,30255,6973,2062,432,2692,647,3410,1005,2994,815,2823,629,2865,735,3172,526,3262,524,2399,450,1818,420,1215,273,1543,517,강동구,천호2동
1125074,39765,7328,3217,674,3882,983,4599,1011,4143,824,3690,636,3704,571,3865,471,4258,551,3092,423,2179,360,1509,228,1627,596,강동구,길동
