ADM_CD,사업체수_2022,종사자수_2022,농업 임업 및 어업,광업,제조업,전기 가스 증기 및 공기조절 공급업,수도 하수 및 폐기물 처리 원료 재생업,건설업,도매 및 소매업,운수 및 창고업,숙박 및 음식점업,정보통신업,금융 및 보험업,부동산업,전문 과학 및 기술 서비스업,사업시설 관리 사업 지원 및 임대 서비스업,공공행정 국방 및 사회보장 행정,교육 서비스업,보건업 및 사회복지 서비스업,예술 스포츠 및 여가관련 서비스업, 협회 및 단체 수리 및 기타 개인 서비스업,면적,금융기관_2022,금융기관_2023,유통업체수_2022,대형마트,백화점,전문점,쇼핑센터,복합쇼핑몰,그밖의 대규모점포,유통업체수_대형마트외,주택수_2020,단독주택수,일반단독주택,다가구주택,영업겸용주택,아파트,연립주택,다세대주택,비거주용건물내주택,대학교,기타대학
11010720.0,1469,5433,0,0,145,4,0,148,680,144,770,234,67,127,576,131,314,698,392,661,342,2.57,3,2,0,0,0,0,0,0,0,0,4134,1279,834,306,139,260,787,1750,58,0.0,1.0
11010530.0,4994,56046,17,1,393,27,15,557,3022,2979,3797,3301,7942,3524,9216,8585,7800,812,1556,1579,923,1.23,23,21,0,0,0,0,0,0,0,0,2778,650,467,108,75,1591,78,411,48,0.0,0.0
11010540.0,970,5118,0,0,124,0,0,63,853,76,908,167,64,145,521,139,1237,273,53,233,262,1.49,3,3,0,0,0,0,0,0,0,0,730,644,414,134,96,0,19,37,30,0.0,0.0
11010550.0,908,4140,0,0,89,0,0,63,535,38,360,145,13,75,183,52,60,1247,210,72,998,2.27,1,1,0,0,0,0,0,0,0,0,3070,1033,750,214,69,121,903,976,37,1.0,0.0
11010560.0,1286,4294,0,6,164,0,1,161,804,136,445,184,63,199,246,153,105,664,524,202,237,8.87,2,2,0,0,0,0,0,0,0,0,5958,1553,1088,314,151,1009,2186,1139,71,0.0,0.0
11010570.0,837,1987,0,0,8,0,0,59,152,483,115,23,23,103,27,20,20,155,549,26,224,0.36,1,1,0,0,0,0,0,0,0,0,2860,48,14,9,25,2703,55,46,8,0.0,0.0
11010580.0,561,13335,0,0,21,1,0,6876,956,67,429,79,123,124,164,18,34,210,4007,66,160,0.35,2,2,0,0,0,0,0,0,0,0,3917,237,100,112,25,2526,88,1060,6,0.0,1.0
11010600.0,977,15449,0,0,116,1,0,9475,472,58,1110,1306,110,95,910,124,526,721,84,180,161,0.54,4,4,0,0,0,0,0,0,0,0,1601,731,556,105,70,0,137,719,14,0.0,0.0
11010610.0,17095,106826,1,84,4748,638,17,8968,18266,2967,9551,9071,11923,3564,14802,8945,4968,2731,2069,1096,2417,2.35,42,41,7,0,0,2,0,0,5,7,1652,514,319,75,120,959,28,48,103,1.0,0.0
11010630.0,7545,21261,0,0,2618,5,0,335,9460,356,1725,1485,1130,599,1356,329,342,213,474,132,702,0.6,7,7,3,0,0,0,0,0,3,3,1319,730,324,273,133,220,76,137,156,0.0,0.0
11010640.0,1669,18939,2,0,441,1,0,93,1243,123,1511,985,68,246,727,128,84,2179,9832,713,563,0.78,4,4,0,0,0,0,0,0,0,0,2624,682,265,311,106,189,266,1420,67,1.0,1.0
11010730.0,2289,8833,1,0,75,0,0,360,962,134,1743,294,240,258,430,122,203,2781,290,531,409,1.12,5,5,0,0,0,0,0,0,0,0,5065,1430,462,797,171,890,458,2172,115,0.0,0.0
11010670.0,2518,5506,0,0,595,0,47,51,2182,114,571,49,587,233,72,81,19,81,441,108,275,0.31,4,7,1,0,0,0,0,0,1,1,1589,493,173,191,129,868,18,164,46,0.0,0.0
11010680.0,1045,2021,0,0,919,0,0,21,248,52,274,20,53,42,14,17,40,6,191,29,95,0.26,1,1,0,0,0,0,0,0,0,0,2466,879,245,497,137,330,89,1119,49,0.0,0.0
11010690.0,430,1265,0,0,131,8,39,15,200,70,79,29,8,57,33,8,53,134,321,28,52,0.23,-,-,1,0,0,0,0,0,1,1,2150,306,91,176,39,1735,33,68,8,0.0,0.0
11010700.0,727,1824,0,0,774,0,0,26,312,71,121,17,11,73,49,25,19,50,147,27,102,0.23,-,-,0,0,0,0,0,0,0,0,1588,644,307,277,60,654,15,245,30,0.0,0.0
11010710.0,2275,6126,0,0,1035,0,0,306,1543,88,536,50,735,327,143,334,81,406,249,162,131,0.35,2,2,1,0,0,0,0,0,1,1,3358,406,163,171,72,1633,224,1029,66,0.0,0.0
11020520.0,5127,66316,0,0,174,2,23,715,9218,5131,6109,4373,19551,1362,7905,7076,366,1340,864,711,1396,0.95,32,32,3,0,2,0,0,0,1,3,685,16,12,0,0,651,0,0,18,0.0,0.0
11020540.0,8865,48722,0,1,846,1,0,1233,17633,1893,2946,4736,8363,1118,6499,990,532,380,735,119,697,0.84,18,18,9,1,1,0,2,0,5,8,1744,246,112,82,52,1342,43,75,38,0.0,0.0
11020550.0,8484,108491,0,0,1285,636,6,868,11149,3374,6540,11933,29376,3684,10972,12032,10426,1127,2492,318,2273,0.99,58,53,6,0,0,0,2,0,4,6,547,201,65,73,63,250,0,54,42,0.0,0.0
11020570.0,3567,25108,0,0,3961,1,41,379,1774,266,1474,2917,939,380,2895,4138,615,4038,589,173,528,1.14,8,9,0,0,0,0,0,0,0,0,1191,375,161,111,103,399,89,258,70,1.0,1.0
11020580.0,991,7975,0,10,421,0,216,165,1493,123,2257,807,108,121,1086,208,129,114,49,468,200,1.36,1,1,0,0,0,0,0,0,0,0,2433,391,190,137,64,197,262,1532,51,0.0,0.0
11020590.0,9123,34882,0,2,5668,1,48,234,7749,404,2554,2009,801,1317,6878,2282,2022,280,1936,199,498,0.74,15,15,12,0,0,0,4,0,8,12,1828,450,228,130,92,1206,0,116,55,0.0,0.0
11020600.0,9223,31496,0,0,7351,0,1,2153,7021,391,2287,2070,3009,608,2257,2540,350,108,910,108,332,0.6,10,10,3,0,0,0,0,0,3,3,422,101,53,0,44,257,0,7,57,0.0,0.0
11020690.0,11453,22982,0,0,1517,0,0,80,14156,206,892,282,815,1118,244,694,1581,451,500,265,181,0.55,5,5,16,0,0,2,1,0,13,16,2526,968,425,391,152,973,51,426,108,0.0,0.0
11020700.0,2107,8722,0,0,664,0,2,263,1672,282,676,419,96,193,1343,1799,23,371,483,98,338,0.51,4,3,0,0,0,0,0,0,0,0,4507,865,320,442,103,472,711,2374,85,0.0,0.0
11020710.0,1289,4696,0,3,157,0,20,272,946,132,390,139,52,319,257,183,95,213,1185,112,221,0.48,2,2,2,0,0,0,0,0,2,2,6584,168,41,99,28,5344,389,658,25,0.0,0.0
11020720.0,1295,5076,0,0,459,0,18,643,926,134,262,121,79,144,321,697,37,653,341,66,175,0.34,-,-,0,0,0,0,0,0,0,0,4928,484,189,218,77,3844,115,432,53,0.0,0.0
11020650.0,1571,3965,0,0,1018,0,0,67,841,111,549,53,97,151,149,28,49,253,355,69,175,0.39,3,3,0,0,0,0,0,0,0,0,3376,607,150,335,122,2279,106,321,63,0.0,0.0
11020730.0,1325,4359,0,0,1213,0,0,59,1291,79,240,36,48,207,289,100,17,170,405,54,151,0.26,1,1,0,0,0,0,0,0,0,0,3180,224,43,108,73,2610,111,172,63,0.0,0.0
11020670.0,2444,5594,0,0,507,0,0,103,2587,107,617,57,86,226,153,448,21,35,307,104,236,0.33,4,4,3,1,0,0,0,0,2,2,3959,612,148,209,255,2823,12,398,114,0.0,0.0
11020680.0,1279,7764,0,0,161,0,39,91,1261,544,560,1590,647,184,1012,315,62,331,339,141,487,0.48,2,2,0,0,0,0,0,0,0,0,4324,259,129,96,34,3455,54,529,27,0.0,0.0
11030510.0,1310,4578,0,0,163,1,67,200,699,112,434,493,27,128,171,1004,116,274,354,127,208,0.86,1,1,0,0,0,0,0,0,0,0,5363,1470,580,767,123,618,575,2646,54,0.0,0.0
11030520.0,789,2100,0,0,49,0,2,16,332,119,566,108,9,58,102,12,24,419,143,41,100,1.96,-,-,0,0,0,0,0,0,0,0,3243,1105,181,782,142,374,128,1601,35,0.0,0.0
11030530.0,2055,18037,1,0,280,5,18,800,2548,1054,1897,2087,2252,434,1953,2698,67,233,771,384,555,1.19,7,5,0,0,0,0,0,0,0,0,1714,661,305,260,96,440,89,473,51,0.0,0.0
11030710.0,2231,10066,0,0,833,1,13,147,1046,201,965,865,60,221,1054,319,36,2613,910,164,618,0.9,1,2,0,0,0,0,0,0,0,0,5636,1837,623,1005,209,74,455,3186,84,1.0,0.0
11030720.0,2425,10190,0,0,223,1,78,398,3929,339,693,349,873,414,779,292,636,331,442,94,319,0.59,2,2,0,0,0,0,0,0,0,0,5251,563,219,228,116,3405,43,1161,79,0.0,0.0
11030570.0,1540,5985,2,0,127,0,64,256,2462,492,225,215,29,212,219,864,21,361,213,23,200,0.71,2,3,1,0,0,1,0,0,0,1,4631,534,173,278,83,3216,118,735,28,0.0,0.0
11030580.0,699,2350,0,0,68,0,3,490,378,91,117,122,9,113,73,92,19,241,373,57,104,0.44,-,-,0,0,0,0,0,0,0,0,3463,271,76,146,49,1584,247,1333,28,0.0,0.0
11030590.0,886,1962,0,0,114,0,0,74,687,84,271,51,19,88,54,31,20,61,241,24,143,0.28,0,0,0,0,0,0,0,0,0,0,4231,443,126,182,135,2282,78,1404,24,0.0,0.0
11030730.0,6171,53485,1,0,612,14,3,1198,14701,935,4497,8071,2210,1194,10567,3933,2394,535,696,817,1107,2.9,19,17,12,2,1,7,1,0,1,10,6769,905,592,200,113,5192,162,431,79,0.0,0.0
11030630.0,1419,3885,0,0,15,3,0,41,602,17,502,91,322,388,233,28,25,665,481,101,371,2.86,7,7,0,0,0,0,0,0,0,0,9540,0,0,0,0,9507,21,11,0,0.0,0.0
11030640.0,567,1212,0,0,30,0,22,28,363,91,77,63,14,84,47,18,48,37,167,40,83,1.22,-,-,0,0,0,0,0,0,0,0,3415,60,11,13,36,2783,172,391,9,0.0,0.0
11030650.0,1843,6863,0,0,113,0,0,50,1139,105,1873,146,126,203,303,112,1794,297,354,51,197,0.57,7,5,1,0,0,0,1,0,0,1,2198,815,304,409,102,712,246,373,52,0.0,0.0
11030660.0,1097,3159,0,0,79,0,0,138,610,83,585,189,51,143,356,528,20,149,61,45,122,0.86,4,3,0,0,0,0,0,0,0,0,3058,1127,275,741,111,705,232,949,45,0.0,0.0
11030740.0,3213,20440,0,0,407,0,6,605,4168,487,3666,1086,576,768,2788,467,575,877,2629,535,800,3.01,11,11,0,0,0,0,0,0,0,0,8174,1630,653,759,218,3626,1068,1758,92,0.0,0.0
11030690.0,743,5396,0,0,69,3,2,880,989,207,190,635,39,289,265,118,50,277,115,897,371,2.8,1,1,1,0,0,0,1,0,0,1,4268,618,259,301,58,2608,254,780,8,0.0,0.0
11030700.0,1059,2143,0,0,65,1,0,92,473,96,380,47,15,156,95,52,55,282,169,22,143,0.71,1,1,0,0,0,0,0,0,0,0,3588,2024,564,1288,172,550,81,892,41,0.0,1.0
11040520.0,1212,2807,1,0,543,0,0,168,531,196,269,42,45,170,66,51,24,213,314,37,137,0.41,-,-,0,0,0,0,0,0,0,0,5060,608,79,437,92,4243,9,167,33,0.0,0.0
11040710.0,3308,11097,0,0,960,2,25,405,2122,318,1379,534,758,493,392,704,94,681,1478,159,593,0.72,3,3,1,0,0,0,0,0,1,1,8480,544,128,247,169,7302,75,468,91,0.0,0.0
11040540.0,4037,12989,4,0,1126,158,44,1297,5358,652,561,79,151,218,440,1164,55,443,833,101,305,1.05,5,4,0,0,0,0,0,0,0,0,6564,1206,456,492,258,4173,212,816,157,0.0,0.0
11040550.0,1273,11318,0,0,158,0,4,52,556,85,1429,159,24,178,1180,34,237,4528,2328,153,213,1.1,2,2,0,0,0,0,0,0,0,0,3183,793,132,545,116,1288,55,982,65,1.0,1.0
11040560.0,1565,8820,0,0,218,0,137,217,1087,194,1083,321,118,316,188,58,2188,523,1222,430,520,0.59,4,5,3,1,0,0,0,1,1,2,4990,573,155,341,77,3680,0,680,57,0.0,0.0
11040570.0,956,2264,0,0,54,0,0,60,445,126,154,40,39,193,74,23,53,539,269,54,141,0.42,2,1,2,0,0,0,0,0,2,2,8481,133,10,104,19,8134,16,194,0,0.0,0.0
11040580.0,648,1188,0,0,25,0,2,61,247,111,66,43,10,96,55,15,52,235,94,16,60,0.57,-,-,0,0,0,0,0,0,0,0,5322,150,37,96,17,3868,42,1254,8,0.0,0.0
11040590.0,942,2363,0,0,194,1,0,60,413,134,198,38,36,131,58,45,50,456,363,79,107,0.46,-,-,0,0,0,0,0,0,0,0,6021,77,20,27,30,5058,0,861,25,0.0,0.0
11040720.0,1500,2953,0,0,211,0,0,57,607,152,436,64,28,162,93,51,49,210,506,88,239,0.64,1,1,0,0,0,0,0,0,0,0,7453,893,251,543,99,5019,129,1338,74,0.0,0.0
11040620.0,1016,2259,0,0,76,2,2,136,472,87,288,40,56,135,117,32,24,307,267,64,154,0.84,3,3,0,0,0,0,0,0,0,0,5223,397,111,229,57,4439,101,254,32,0.0,0.0
11040730.0,1380,4807,0,0,175,4,0,105,674,141,396,106,45,320,170,1109,55,744,384,115,264,1.94,2,2,0,0,0,0,0,0,0,0,9899,124,19,70,35,9483,125,136,31,0.0,0.0
11040650.0,2955,15919,6,0,1868,3,127,674,3861,206,848,2483,323,465,2261,920,22,632,203,591,426,1.97,3,3,0,0,0,0,0,0,0,0,4897,629,117,417,95,3313,307,557,91,0.0,0.0
11040660.0,4989,27337,0,2,3146,11,31,1260,5358,1407,2047,5240,362,820,4589,1424,33,463,433,162,549,0.89,4,4,0,0,0,0,0,0,0,0,3689,659,81,429,149,2345,200,389,96,0.0,0.0
11040670.0,3443,19451,0,0,3266,0,3,446,3390,559,1186,2912,81,419,3883,1189,747,443,310,116,501,1.17,3,3,0,0,0,0,0,0,0,0,4288,1079,113,756,210,1913,567,599,130,0.0,0.0
11040680.0,8635,64963,7,0,11795,14,41,2996,12421,1712,2670,9364,1478,2193,9001,6885,70,662,739,394,2521,1.03,15,15,1,0,0,0,0,0,1,1,2944,290,35,160,95,1912,57,589,96,0.0,0.0
11040690.0,967,2993,0,0,487,1,4,411,471,178,140,64,4,63,361,26,281,82,221,25,174,0.75,-,-,0,0,0,0,0,0,0,0,2331,898,100,704,94,793,68,547,25,0.0,0.0
11040700.0,2480,12372,2,0,861,257,369,430,2732,2380,601,154,470,297,1033,1313,47,219,486,106,615,2.31,2,2,1,0,0,1,0,0,0,1,2504,1472,103,1162,207,621,27,327,57,0.0,0.0
11050530.0,3048,15339,0,0,161,1,0,322,1603,304,3610,235,172,456,953,306,98,3386,2853,412,467,1.16,5,5,1,0,0,0,0,0,1,1,5296,1413,18,1127,268,1360,50,2315,158,1.0,0.0
11050540.0,2473,9677,0,0,443,0,0,273,1650,622,1020,255,275,234,944,728,25,2138,611,140,319,0.74,3,3,1,0,0,0,0,0,1,1,4556,1435,53,1145,237,779,268,1978,96,1.0,0.0
11050550.0,2149,6746,0,0,1104,0,2,768,1590,285,559,362,51,170,219,408,62,79,694,86,307,0.62,-,-,2,0,0,0,0,0,2,2,3613,1094,37,788,269,148,98,2159,114,0.0,0.0
11050560.0,2302,7793,0,0,646,0,0,878,1239,286,574,282,339,191,447,1338,62,311,731,99,370,0.55,4,4,0,0,0,0,0,0,0,0,4986,1188,38,876,274,300,100,3265,133,0.0,0.0
11050570.0,1745,5939,0,0,898,0,5,359,811,307,506,40,28,94,161,128,957,215,936,117,377,0.6,-,-,0,0,0,0,0,0,0,0,3870,1179,57,908,214,462,49,2058,122,0.0,0.0
11050580.0,1806,4601,0,0,647,2,23,208,798,331,523,53,85,96,114,129,86,612,499,99,296,2.32,2,2,1,0,0,0,0,0,1,1,7366,1508,94,1177,237,314,666,4746,132,0.0,0.0
11050590.0,1170,6045,0,0,246,0,51,287,1149,151,601,209,266,210,307,230,85,1265,358,450,180,1.1,-,-,0,0,0,0,0,0,0,0,2531,786,44,647,95,21,72,1620,32,0.0,0.0
11050630.0,2156,13694,1,0,213,2,14,3768,2152,127,1579,206,328,546,515,906,67,1562,467,916,325,2.39,7,7,1,0,0,0,0,0,1,1,10349,214,37,117,60,9068,481,538,48,1.0,0.0
11050640.0,2207,9860,0,0,396,2,30,1358,1317,199,788,183,161,302,647,830,1465,305,1362,125,390,0.57,4,4,0,0,0,0,0,0,0,0,5398,1205,36,893,276,784,182,3118,109,0.0,0.0
11050650.0,2141,5994,0,0,250,0,6,685,837,468,433,754,112,344,242,136,29,794,536,105,263,1.68,1,1,2,0,0,0,0,0,2,2,7066,848,14,601,233,2802,257,3075,84,0.0,0.0
11050660.0,1913,7087,0,0,149,1,0,534,1416,475,952,154,137,319,244,582,134,672,823,154,341,1.2,5,5,2,1,1,0,0,0,0,1,8582,402,23,301,78,7088,248,782,62,0.0,0.0
11050670.0,2150,6046,0,0,432,7,0,614,1049,204,1121,179,47,286,577,142,102,224,560,186,316,1.16,2,2,3,0,0,0,0,0,3,3,4613,1589,68,1278,243,1405,363,1139,117,0.0,0.0
11050600.0,2645,7370,2,0,333,0,5,467,1000,403,1079,275,168,280,489,689,621,402,698,135,324,0.56,3,3,0,0,0,0,0,0,0,0,5195,1070,27,793,250,264,180,3553,128,0.0,0.0
11050610.0,1930,5884,0,0,447,0,87,366,1108,486,625,121,199,187,397,88,27,481,912,102,251,1.39,1,1,1,0,0,0,0,0,1,1,7341,977,56,761,160,1355,714,4221,74,0.0,0.0
11050620.0,3490,17842,1,0,198,0,68,2988,2992,877,1048,1164,395,795,997,3653,26,932,850,250,608,1.02,4,4,5,1,0,0,0,0,4,4,9070,424,15,299,110,5985,326,2291,44,0.0,0.0
11060810.0,6889,29330,0,0,3229,2,35,1290,6611,644,1550,663,2332,828,2273,3206,1538,988,2943,590,608,1.61,0,0,4,1,0,1,0,0,2,3,8495,1942,533,1040,369,4446,345,1522,240,0.0,0.0
11060820.0,5243,12037,3,0,1021,3,66,550,5540,241,1051,124,233,371,396,173,105,432,1185,130,413,1.18,0,0,3,0,0,2,0,0,1,3,7896,2262,867,863,532,3113,158,2148,215,0.0,0.0
11060830.0,2971,7990,0,0,529,4,10,320,2012,952,1360,138,64,308,137,263,141,378,714,174,486,1.19,0,0,3,1,1,0,0,0,1,2,8308,2138,654,1231,253,4044,224,1804,98,0.0,0.0
11060840.0,1317,5330,0,0,200,1,0,111,663,199,396,52,35,157,282,27,138,2533,287,70,179,0.86,0,0,1,0,0,0,0,0,1,1,6437,489,190,249,50,5505,0,417,26,0.0,0.0
11060910.0,3834,9756,0,0,562,0,3,1661,1910,664,627,146,358,380,293,1242,64,612,810,136,288,0.81,0,0,1,0,0,0,0,0,1,1,9261,944,188,613,143,7743,32,474,68,0.0,0.0
11060860.0,2851,8187,0,0,586,0,1,493,2892,376,548,47,162,358,186,506,29,277,1150,141,435,0.85,0,0,0,0,0,0,0,0,0,0,9791,991,224,529,238,8184,45,459,112,0.0,0.0
11060870.0,6530,22708,0,0,3542,1,12,1897,5290,1065,1592,758,805,1196,883,2350,256,583,1458,330,690,1.25,0,0,2,0,0,0,0,0,2,2,11799,892,44,583,265,6878,867,2934,228,0.0,0.0
11060880.0,3859,11850,0,0,1755,2,72,399,2520,636,1317,104,87,377,237,301,676,1210,1484,240,433,1.09,0,0,2,0,0,0,0,0,2,2,9852,849,72,574,203,6061,637,2148,157,0.0,0.0
11060800.0,1887,8041,4,0,227,1,25,168,1090,187,726,102,161,251,1649,157,598,534,1550,224,387,1.2,0,0,1,0,0,0,0,0,1,1,6209,1507,383,922,202,3691,65,853,93,0.0,0.0
11060710.0,1348,11293,0,0,74,1,1,69,669,74,1403,166,60,113,175,75,40,4699,3248,139,287,0.76,0,0,2,0,0,0,0,0,2,2,3115,744,106,496,142,1577,50,652,92,1.0,0.0
11060720.0,1357,4214,0,0,212,0,2,95,1054,138,472,54,53,257,129,317,16,150,885,131,249,0.63,0,0,0,0,0,0,0,0,0,0,4327,913,181,640,92,2546,136,677,55,0.0,0.0
11060730.0,1737,6031,0,0,176,0,3,201,590,671,316,42,15,213,152,57,261,1041,2090,55,148,1.05,0,0,0,0,0,0,0,0,0,0,6802,994,137,741,116,4151,414,1191,52,1.0,1.0
11060890.0,1631,6700,0,0,134,0,2,139,600,288,884,148,58,182,415,53,64,2916,466,107,244,1.04,0,0,2,0,0,0,0,0,2,2,4948,1501,382,951,168,2232,281,837,97,1.0,1.0
11060900.0,1037,2412,0,0,154,0,32,152,408,508,222,44,8,144,36,36,23,233,281,22,109,0.69,0,0,1,0,0,0,0,0,1,1,6280,954,383,510,61,4862,20,395,49,0.0,0.0
11070520.0,2505,6224,0,0,1584,1,6,414,1067,547,555,140,21,140,148,138,91,256,751,84,281,0.77,0,0,0,0,0,0,0,0,0,0,6489,1528,98,1133,297,2444,210,2125,182,0.0,0.0
11070540.0,2689,5145,0,0,622,0,2,1568,529,774,235,45,36,113,104,68,67,312,363,120,187,0.87,0,0,0,0,0,0,0,0,0,0,5408,1034,80,793,161,2867,157,1288,62,0.0,0.0
11070550.0,1222,3466,0,0,856,0,6,447,706,470,200,23,20,103,67,78,74,51,172,46,147,0.7,0,0,1,1,0,0,0,0,0,0,4409,621,68,445,108,2174,264,1300,50,0.0,0.0
11070710.0,3373,7745,0,0,1674,0,8,419,1506,418,890,73,92,288,105,181,77,391,1126,121,376,0.84,0,0,1,0,0,0,0,0,1,1,8582,2427,263,1794,370,962,220,4856,117,0.0,0.0
11070570.0,1942,4653,0,0,810,0,8,325,923,265,500,46,152,190,108,85,21,181,648,110,281,1.2,0,0,1,0,0,0,0,0,1,1,6204,1264,219,858,187,3151,232,1454,103,0.0,0.0
11070720.0,2869,8199,0,0,1145,0,0,330,1010,778,997,58,116,219,258,310,79,1060,1310,161,368,1.63,0,0,0,0,0,0,0,0,0,0,6375,1822,170,1295,357,1942,429,2055,127,0.0,0.0
11070590.0,2024,6686,0,0,522,0,3,553,1082,1041,576,196,349,230,123,304,23,649,776,71,188,0.88,0,0,2,1,0,0,0,1,0,1,7937,622,91,413,118,5365,258,1639,53,0.0,0.0
11070600.0,3487,9342,0,0,930,1,7,928,2067,407,1493,230,270,349,219,172,143,228,1113,454,331,0.65,0,0,2,1,0,0,0,0,1,1,6146,906,76,633,197,2043,173,2891,133,0.0,0.0
11070610.0,1595,4237,0,0,478,9,11,342,846,283,238,43,30,117,104,207,30,563,648,34,254,0.64,0,0,0,0,0,0,0,0,0,0,5691,738,58,536,144,2120,639,2137,57,0.0,0.0
11070620.0,2574,6863,0,0,721,0,26,527,1249,398,863,90,96,164,253,1172,109,115,541,148,391,1.01,0,0,1,0,0,0,0,0,1,1,6553,2199,163,1704,332,868,561,2790,135,0.0,0.0
11070640.0,2341,5885,0,2,333,91,0,491,1212,437,727,86,107,291,130,209,64,627,578,171,329,1.2,0,0,1,1,0,0,0,0,0,0,10805,788,56,573,159,6568,360,3004,85,0.0,0.0
11070650.0,2368,4721,0,2,500,0,12,395,890,625,441,93,67,165,168,152,54,265,523,86,283,0.67,0,0,0,0,0,0,0,0,0,0,5309,996,78,705,213,1652,154,2375,132,0.0,0.0
11070730.0,4850,13559,0,0,1676,1,60,1277,2013,1891,1208,98,192,376,156,323,136,1096,2134,282,640,3.03,0,0,1,1,0,0,0,0,0,0,7453,1822,175,1297,350,3446,401,1624,160,0.0,0.0
11070680.0,1510,4224,0,0,1106,2,6,304,604,409,234,37,27,80,52,152,25,384,562,47,193,0.92,0,0,1,0,0,0,0,0,1,1,3604,1348,112,1023,213,61,111,2018,66,0.0,0.0
11070690.0,3435,16271,0,0,1449,0,75,1960,2218,2183,822,553,88,292,626,998,404,654,3273,200,476,2.56,0,0,1,0,0,0,0,0,1,1,12959,436,73,262,101,11411,297,747,68,0.0,0.0
11070700.0,1536,7513,0,0,50,3,5,311,638,309,460,38,51,188,139,235,2916,801,1081,97,191,0.93,0,0,2,1,0,0,0,0,1,1,8440,9,7,0,0,8425,0,0,6,0.0,0.0
11080810.0,1792,6192,0,0,187,7,0,202,1056,102,855,424,53,210,459,303,61,962,601,143,567,2.86,0,0,1,0,0,0,0,0,1,1,5605,2391,1765,448,178,630,769,1729,86,0.0,0.0
11080820.0,2524,11818,0,0,351,0,5,271,1532,291,977,223,161,251,473,1024,3335,1566,867,157,334,0.92,0,0,1,0,0,0,0,0,1,1,6987,2002,846,857,299,2897,284,1676,128,2.0,0.0
11080830.0,2622,10582,0,0,189,0,2,645,1333,267,1913,462,109,299,281,420,21,2586,1181,312,562,0.73,0,0,1,0,0,0,0,1,0,1,4298,1129,375,519,235,1086,400,1548,135,1.0,0.0
11080580.0,710,2191,0,0,99,1,0,226,296,113,104,36,11,107,32,48,20,754,215,34,95,0.49,0,0,0,0,0,0,0,0,0,0,5778,164,96,50,18,5341,80,184,9,0.0,0.0
11080590.0,970,3107,0,0,22,1,0,73,454,98,92,101,14,109,83,1031,69,409,197,95,259,0.48,0,0,3,0,0,0,0,0,3,3,8240,47,32,13,0,7791,20,379,0,0.0,0.0
11080600.0,1948,13977,0,0,449,5,4,174,1288,169,1410,292,79,145,1048,110,29,4515,3765,129,366,1.33,0,0,0,0,0,0,0,0,0,0,4022,1179,301,665,213,1209,214,1282,138,1.0,0.0
11080610.0,1865,6843,0,0,841,12,35,1686,1112,377,373,79,122,150,231,221,87,365,857,53,242,0.56,0,0,2,0,0,0,0,0,2,2,4580,988,309,502,177,2491,42,965,94,0.0,0.0
11080620.0,1281,2575,0,0,168,0,3,205,484,261,274,71,27,140,68,115,24,184,319,60,172,0.44,0,0,1,0,0,0,0,0,1,1,5856,577,188,280,109,4535,72,628,44,0.0,0.0
11080630.0,1482,3574,0,0,108,0,1,326,766,337,364,82,49,139,82,69,51,329,593,93,185,1.17,0,0,0,0,0,0,0,0,0,0,8211,923,548,290,85,3105,739,3401,43,0.0,0.0
11080640.0,1014,5781,0,0,166,2,0,67,398,398,369,96,22,91,757,30,23,2732,290,54,286,3.71,0,0,0,0,0,0,0,0,0,0,5359,1537,1103,299,135,756,1148,1860,58,2.0,0.0
11080650.0,1571,5100,0,0,220,3,8,189,608,1018,412,65,33,155,173,58,66,1110,605,175,202,3.13,0,0,0,0,0,0,0,0,0,0,8993,590,296,200,94,5173,876,2303,51,0.0,0.0
11080660.0,1683,4321,6,0,82,1,0,67,804,220,396,97,77,233,99,43,105,1184,580,130,197,0.79,0,0,4,0,0,0,0,0,4,4,11859,97,35,47,15,11470,37,234,21,0.0,0.0
11080680.0,1700,5729,0,0,92,0,1,130,1482,146,772,259,25,245,191,119,28,277,1520,162,280,0.58,0,0,3,2,1,0,0,0,0,1,5855,519,263,174,82,5152,32,113,39,0.0,0.0
11080840.0,2876,8754,0,0,955,0,0,350,1272,424,865,291,402,261,218,127,356,935,1794,168,336,1.46,0,0,0,0,0,0,0,0,0,0,12235,1419,466,751,202,8072,328,2296,120,0.0,0.0
11080710.0,1879,5642,0,0,684,1,71,176,898,283,426,248,146,156,477,249,85,567,774,100,301,0.81,0,0,1,0,0,0,0,0,1,1,8267,1021,310,543,168,6228,93,882,43,0.0,0.0
11080720.0,2148,10740,0,0,903,2,4,226,1137,228,793,111,56,187,2605,1455,281,905,1264,212,371,1.36,0,0,2,1,0,0,0,0,1,1,5672,1213,355,669,189,3384,172,815,88,0.0,0.0
11080760.0,1649,3302,0,0,719,0,1,250,653,234,300,25,50,110,46,43,30,305,290,38,208,0.7,0,0,0,0,0,0,0,0,0,0,6134,1482,511,824,147,90,462,4010,90,0.0,0.0
11080770.0,1510,3903,0,0,1067,0,45,195,565,215,271,101,54,94,73,66,27,199,724,35,172,0.67,0,0,0,0,0,0,0,0,0,0,4120,1751,501,1049,201,347,196,1731,95,0.0,0.0
11080780.0,862,2118,0,0,262,0,27,119,364,179,146,16,10,139,31,12,54,337,313,29,80,0.65,0,0,0,0,0,0,0,0,0,0,6078,909,466,384,59,4619,199,327,24,0.0,0.0
11080850.0,3076,9478,0,0,1016,1,62,981,1718,1008,899,88,72,241,142,131,70,1560,887,205,397,1.73,0,0,0,0,0,0,0,0,0,0,10472,2582,856,1333,393,4830,99,2850,111,0.0,1.0
11090690.0,1546,4098,0,0,404,0,2,348,672,409,255,51,25,130,90,320,61,543,481,87,220,0.91,0,0,2,1,0,0,0,0,1,1,7808,1885,870,839,176,2647,612,2606,58,0.0,0.0
11090700.0,2297,7190,0,0,522,85,14,315,1074,199,855,128,349,229,145,318,222,1272,984,124,355,0.93,0,0,0,0,0,0,0,0,0,0,6555,1470,211,1017,242,1100,444,3450,91,0.0,1.0
11090710.0,2965,9122,0,0,682,0,0,268,1716,338,1574,177,514,237,226,650,292,665,1014,259,510,1.01,0,0,3,0,1,0,2,0,0,3,8803,1991,505,1214,272,2985,475,3261,91,0.0,0.0
11090720.0,2573,7199,2,0,1160,1,31,326,1143,396,877,59,122,217,244,111,230,723,905,108,544,0.9,0,0,1,0,0,0,0,0,1,1,7165,3011,909,1734,368,1255,208,2568,123,0.0,0.0
11090730.0,1444,3154,0,0,67,0,1,102,620,232,365,96,26,146,67,57,55,633,470,66,151,0.62,0,0,0,0,0,0,0,0,0,0,11376,50,13,21,16,11291,0,24,11,0.0,0.0
11090600.0,2453,9763,0,0,277,2,76,477,1313,340,1089,152,1689,329,382,717,433,432,1361,326,368,0.66,0,0,1,0,0,0,0,0,1,1,4529,1672,261,1183,228,880,86,1803,88,0.0,0.0
11090610.0,912,3692,0,0,312,1,173,193,462,720,137,65,7,84,49,52,374,153,615,106,189,0.95,0,0,0,0,0,0,0,0,0,0,6723,290,86,156,48,2625,224,3558,26,0.0,0.0
11090620.0,1153,3359,0,0,276,4,2,148,470,589,249,31,14,134,48,24,52,253,688,251,126,1.1,0,0,0,0,0,0,0,0,0,0,7257,35,5,12,18,6861,66,271,24,0.0,0.0
11090630.0,1953,5784,0,0,465,1,0,200,1063,628,529,36,73,164,88,116,99,698,1196,138,290,1.67,0,0,2,0,0,0,0,0,2,2,6781,1541,579,736,226,622,494,4051,73,0.0,0.0
11090640.0,1840,4646,0,0,503,1,0,564,810,277,449,74,27,161,61,394,59,135,768,73,290,0.57,0,0,1,0,0,0,0,0,1,1,7243,868,154,532,182,2640,204,3412,119,0.0,0.0
11090650.0,3168,9842,0,0,554,0,0,276,1388,313,2227,196,801,276,278,182,1545,180,790,341,495,0.72,0,0,1,0,0,0,0,0,1,1,5962,1793,230,1237,326,301,247,3485,136,0.0,0.0
11090740.0,1582,5534,0,0,176,0,71,228,627,1570,1019,42,4,104,82,562,22,157,480,127,263,10.28,0,0,0,0,0,0,0,0,0,0,7122,1134,425,573,136,856,640,4415,77,0.0,0.0
11090750.0,2228,6476,0,0,372,0,9,353,797,628,472,120,29,104,155,475,119,541,1856,115,331,3.28,0,0,1,0,0,0,0,0,1,1,10128,1817,566,968,283,670,1089,6427,125,0.0,0.0
11100590.0,2145,4124,0,0,120,0,6,157,712,786,452,140,122,181,85,41,53,470,447,118,234,0.88,0,0,0,0,0,0,0,0,0,0,9024,399,37,272,90,7314,293,976,42,0.0,0.0
11100600.0,1990,4563,0,0,695,0,3,292,910,523,334,44,25,173,127,56,61,243,706,84,287,1.05,0,0,2,0,0,0,0,0,2,2,8798,665,52,443,170,2942,343,4788,60,0.0,0.0
11100610.0,1235,2195,0,0,204,0,0,137,410,265,304,13,25,60,24,25,25,176,334,41,152,0.67,0,0,0,0,0,0,0,0,0,0,3977,1083,161,692,230,1163,120,1571,40,0.0,0.0
11100620.0,1860,7618,3,0,87,0,5,732,1532,605,567,186,523,315,424,383,542,764,498,225,227,0.95,0,0,0,0,0,0,0,0,0,0,10132,0,0,0,0,10045,48,38,0,0.0,0.0
11100630.0,2542,7388,0,0,183,1,0,188,1233,1186,844,77,82,225,206,133,190,781,1233,147,679,0.7,0,0,1,1,0,0,0,0,0,0,8681,146,15,101,30,6948,112,1428,47,0.0,0.0
11100640.0,2034,7210,0,0,445,0,67,226,1023,1329,739,46,45,126,103,1281,70,441,790,137,342,8.72,0,0,0,0,0,0,0,0,0,0,6964,1140,247,693,200,1107,659,3922,136,0.0,0.0
11100650.0,1978,7740,0,0,175,2,13,328,802,1042,409,79,72,740,490,349,849,386,1614,91,299,0.83,0,0,2,0,0,0,0,0,2,2,9542,495,116,300,79,8553,45,415,34,0.0,0.0
11100510.0,1406,4280,0,0,193,0,0,157,620,527,303,147,26,75,112,80,57,1202,533,96,152,1.24,0,0,0,0,0,0,0,0,0,0,7530,948,338,499,111,1971,753,3811,47,1.0,0.0
11100520.0,1674,5013,0,0,353,8,51,320,816,490,501,36,71,158,84,92,55,372,1132,111,363,0.54,0,0,1,0,0,0,0,0,1,1,6473,645,125,418,102,2973,270,2533,52,0.0,0.0
11100530.0,1332,5001,0,0,234,0,22,224,784,160,455,383,29,673,50,47,55,177,1411,66,231,0.5,0,0,0,0,0,0,0,0,0,0,5022,814,120,555,139,1930,171,2055,52,0.0,0.0
11100540.0,946,2147,0,0,39,1,0,67,318,200,130,25,1,91,31,57,26,840,161,39,121,0.52,0,0,0,0,0,0,0,0,0,0,6835,91,38,39,14,6120,88,525,11,0.0,0.0
11100550.0,2976,13765,0,0,542,1,9,509,1565,945,1144,166,175,363,635,1036,2340,535,2883,208,709,0.69,0,0,1,1,0,0,0,0,0,0,8331,1070,55,781,234,4495,352,2314,100,0.0,0.0
11100560.0,1563,3052,0,0,350,1,1,207,690,300,289,20,11,101,34,62,28,186,539,33,200,0.74,0,0,0,0,0,0,0,0,0,0,6149,1072,70,782,220,234,845,3907,91,0.0,0.0
11100570.0,1512,3522,0,0,67,0,1,158,558,613,295,63,23,152,66,115,64,442,687,92,126,2.62,0,0,1,0,0,0,0,0,1,1,9698,65,38,11,16,9237,45,337,14,0.0,0.0
11110510.0,1808,6469,0,0,299,4,2,236,769,752,826,68,43,164,276,139,23,1618,742,211,297,1.16,0,0,0,0,0,0,0,0,0,0,7568,638,151,392,95,4503,239,2124,64,1.0,0.0
11110520.0,1404,3867,0,0,168,0,1,102,480,661,211,87,0,160,134,65,59,1165,367,80,127,1.94,0,0,0,0,0,0,0,0,0,0,11477,131,19,85,27,10866,173,294,13,0.0,1.0
11110530.0,1519,4702,0,0,32,0,22,107,1015,944,401,90,21,198,145,85,90,486,865,58,143,1.17,0,0,1,0,0,0,1,0,0,1,12688,45,14,25,6,12617,0,16,10,0.0,0.0
11110790.0,3937,13843,0,0,707,0,33,1135,2049,982,1595,295,292,406,673,1069,119,763,2734,228,763,1.41,0,0,1,0,0,0,0,0,1,1,13582,794,27,512,255,9072,307,3282,127,0.0,0.0
11110560.0,2777,13128,2,0,593,2,0,154,1214,762,1050,216,94,406,740,185,31,4609,2189,533,348,6.82,0,0,0,0,0,0,0,0,0,0,12923,538,47,378,113,10880,325,1122,58,3.0,1.0
11110580.0,1587,8800,0,0,299,4,0,297,1058,608,733,130,30,242,216,808,732,1206,1881,247,309,1.55,0,0,1,0,0,0,0,0,1,1,10466,152,32,67,53,9283,440,560,31,0.0,0.0
11110590.0,792,1716,0,0,28,0,0,77,345,192,87,58,15,109,52,31,22,392,227,10,71,0.51,0,0,0,0,0,0,0,0,0,0,8160,0,0,0,0,8160,0,0,0,0.0,0.0
11110600.0,1699,5989,0,0,144,6,0,93,676,268,500,259,36,250,62,804,24,1935,487,225,220,1.97,0,0,1,0,0,0,0,0,1,1,8088,767,690,45,32,6158,192,933,38,0.0,0.0
11110610.0,1469,4299,0,0,25,2,0,71,718,181,504,62,57,277,53,49,67,1578,323,124,208,0.63,0,0,1,1,0,0,0,0,0,0,8743,0,0,0,0,8733,0,0,6,0.0,0.0
11110640.0,1454,4293,0,0,45,0,0,200,714,217,621,42,73,217,37,33,24,741,985,170,174,1.7,0,0,0,0,0,0,0,0,0,0,7706,95,29,44,22,7317,25,230,39,0.0,0.0
11110780.0,2047,5673,0,0,115,1,1,163,1322,438,521,150,35,231,83,136,93,1039,826,217,302,0.9,0,0,4,1,1,0,0,0,2,3,14301,0,0,0,0,14245,56,0,0,0.0,0.0
11110650.0,4050,10593,0,0,229,3,29,550,1681,2060,955,173,42,326,304,1355,93,848,1273,167,505,5.62,0,0,1,0,0,0,0,0,1,1,13410,326,38,183,105,10902,418,1686,78,0.0,0.0
11110660.0,3346,10937,1,0,279,0,19,304,2432,515,2420,107,182,425,312,362,60,597,1795,294,833,0.61,0,0,3,0,1,0,0,0,2,3,6042,674,44,452,178,3908,200,1181,79,0.0,0.0
11110760.0,1967,4951,0,0,223,4,2,272,888,1147,285,61,11,156,78,108,74,206,1068,81,287,5.05,0,0,0,0,0,0,0,0,0,0,9292,1410,925,411,74,5308,871,1647,56,0.0,0.0
11110690.0,2719,6101,3,0,435,1,37,760,890,485,477,65,41,182,132,652,27,267,1126,138,383,1.01,0,0,1,0,0,0,0,0,1,1,7347,1044,114,736,194,4133,202,1873,95,0.0,0.0
11110770.0,2784,16458,1,0,65,292,0,189,1477,336,1351,216,2281,510,250,309,2208,1602,4709,201,461,1.11,0,0,0,0,0,0,0,0,0,0,13648,0,0,0,0,13647,0,0,0,1.0,0.0
11110720.0,815,2077,0,0,18,0,1,54,359,126,167,29,50,101,22,27,20,536,409,77,81,0.67,0,0,0,0,0,0,0,0,0,0,9090,0,0,0,0,9090,0,0,0,0.0,0.0
11110730.0,1035,2761,0,0,37,0,0,67,469,284,169,33,52,139,41,24,73,814,404,27,128,0.81,0,0,0,0,0,0,0,0,0,0,8260,0,0,0,0,8258,0,0,0,0.0,0.0
11110740.0,809,2541,0,0,13,0,28,39,317,835,144,44,32,107,63,35,81,453,198,52,100,0.8,0,0,0,0,0,0,0,0,0,0,6422,0,0,0,0,6422,0,0,0,0.0,0.0
11120510.0,2838,13292,0,0,367,88,39,854,1645,319,937,330,69,388,576,361,3952,707,1911,174,575,1.79,0,0,0,0,0,0,0,0,0,0,12546,1058,199,681,178,5206,540,5653,89,0.0,0.0
11120520.0,2393,7006,0,0,130,1,0,215,1111,267,671,173,590,334,464,82,747,554,1001,198,468,3.13,0,0,2,0,0,0,1,0,1,2,13601,1113,373,573,167,7280,489,4643,76,0.0,0.0
11120720.0,1875,4648,0,0,133,1,1,158,932,214,441,77,43,135,83,203,341,597,870,94,325,1.38,0,0,2,0,0,0,1,0,1,2,8970,1618,480,958,180,882,483,5920,67,0.0,0.0
11120550.0,1765,4933,0,0,162,0,0,153,728,179,1040,52,306,188,198,34,35,233,1145,167,313,0.97,0,0,0,0,0,0,0,0,0,0,7330,1482,659,635,188,928,493,4315,112,0.0,0.0
11120560.0,2311,6656,7,0,197,0,2,271,1336,245,1064,91,82,165,101,73,98,1316,1091,162,355,0.96,0,0,0,0,0,0,0,0,0,0,9400,930,260,468,202,1406,413,6533,118,0.0,0.0
11120570.0,2077,6849,0,0,277,0,2,230,788,925,347,69,29,164,104,293,33,1088,2081,122,297,1.38,0,0,0,0,0,0,0,0,0,0,10543,738,228,351,159,2645,571,6531,58,0.0,0.0
11120580.0,3364,7674,1,0,244,1,1,316,1835,238,1216,402,412,424,170,108,79,538,1125,168,396,0.85,0,0,3,0,0,0,2,0,1,3,8662,1190,246,698,246,2061,159,5134,118,0.0,0.0
11120590.0,2690,8300,0,0,261,59,16,758,1791,332,985,223,119,315,319,261,345,675,1349,171,321,1.2,0,0,1,1,0,0,0,0,0,0,7341,607,110,362,135,2762,198,3697,77,0.0,0.0
11120600.0,1400,2991,0,0,104,0,0,209,556,196,290,79,64,177,69,40,57,250,690,54,156,0.78,0,0,1,0,0,0,0,0,1,1,9263,466,112,282,72,7485,57,1224,31,0.0,0.0
11120730.0,2410,5916,0,0,374,0,1,505,1136,335,960,69,59,168,120,75,44,656,896,155,363,0.63,0,0,2,0,0,0,0,0,2,2,6999,1294,176,873,245,925,105,4551,124,0.0,0.0
11120740.0,3612,8883,0,0,415,1,19,957,1619,571,1024,168,66,214,228,448,112,608,1607,202,624,1.16,0,0,1,0,0,0,0,0,1,1,14882,1488,299,822,367,1782,493,10943,176,0.0,0.0
11120650.0,2002,5311,0,0,232,1,2,835,893,391,507,160,28,200,145,141,34,397,1001,93,251,0.84,0,0,0,0,0,0,0,0,0,0,9417,589,155,267,167,2999,476,5291,62,1.0,0.0
11120660.0,2220,4485,0,0,123,0,40,221,548,1384,188,93,23,108,89,221,84,574,589,48,152,1.0,0,0,0,0,0,0,0,0,0,0,6580,1056,347,571,138,2394,383,2690,57,0.0,0.0
11120670.0,1401,4382,0,0,238,0,15,419,714,644,296,130,35,188,119,136,30,351,804,107,156,0.81,0,0,1,0,0,0,0,0,1,1,4864,771,236,436,99,1857,600,1598,38,0.0,0.0
11120680.0,836,2734,0,0,72,0,43,55,507,997,164,50,39,168,49,44,56,134,191,39,126,1.29,0,0,2,1,0,0,0,0,1,1,3114,280,138,102,40,2192,150,467,25,0.0,0.0
11120710.0,3236,13637,0,0,126,0,91,200,1910,1309,1676,411,134,655,406,111,328,2082,3305,421,472,11.53,0,0,1,0,0,0,1,0,0,1,17146,257,205,32,20,16634,220,20,15,0.0,0.0
11130520.0,1133,3379,0,0,107,2,0,146,532,88,421,268,35,113,98,60,104,603,419,183,200,0.97,0,0,0,0,0,0,0,0,0,0,6081,522,120,328,74,5109,112,306,32,1.0,0.0
11130740.0,1195,2724,0,0,274,0,1,53,531,153,272,47,43,161,77,50,96,320,430,46,170,0.46,0,0,0,0,0,0,0,0,0,0,5298,702,188,433,81,4099,95,360,42,0.0,0.0
11130730.0,2865,22803,0,0,202,2,271,1758,2788,683,1110,1675,2684,457,2537,2840,2811,1351,506,97,1031,1.12,0,0,0,0,0,0,0,0,0,0,6573,1350,541,684,125,3197,544,1428,54,2.0,0.0
11130750.0,5125,37272,0,0,236,1,0,146,2790,234,4572,1511,304,741,4747,1463,313,10532,8107,441,1134,2.63,0,0,3,0,1,0,0,0,2,3,5570,1114,182,704,228,1565,249,2476,166,2.0,0.0
11130760.0,3247,12995,0,0,479,2,28,1086,2161,397,1557,526,100,373,951,366,1984,1156,1076,290,463,3.05,0,0,1,0,0,0,0,0,1,1,11675,2543,500,1757,286,3273,1247,4455,157,0.0,0.0
11130620.0,1575,5949,1,0,141,0,1,1604,718,228,492,85,104,225,137,220,59,855,665,101,313,1.23,0,0,0,0,0,0,0,0,0,0,8022,619,115,399,105,4961,553,1824,65,0.0,1.0
11130640.0,1427,4036,0,0,149,0,0,133,735,173,520,88,64,177,80,193,146,399,890,65,224,0.81,0,0,1,0,0,0,0,0,1,1,4969,881,238,513,130,2469,195,1364,60,0.0,0.0
11130650.0,803,2263,0,0,68,0,202,68,361,73,260,29,16,102,111,95,18,96,547,63,154,1.05,0,0,0,0,0,0,0,0,0,0,4993,257,41,180,36,4109,58,545,24,0.0,1.0
11130660.0,1475,2997,0,0,128,47,2,119,641,255,329,92,29,189,88,39,85,269,447,54,184,1.58,0,0,1,0,0,0,0,0,1,1,7308,1132,434,578,120,5041,274,808,53,0.0,0.0
11130680.0,2046,6628,0,0,187,0,21,523,771,694,702,227,23,164,128,162,59,1889,701,131,246,2.06,0,0,0,0,0,0,0,0,0,0,9267,959,154,689,116,2514,895,4840,59,0.0,1.0
11130690.0,963,2783,0,0,56,0,0,61,501,80,381,97,66,125,72,42,19,332,717,56,178,0.51,0,0,2,0,0,0,0,0,2,2,5609,43,0,23,19,5250,186,104,26,0.0,0.0
11130700.0,2033,5877,0,0,157,0,109,296,885,240,764,118,55,159,119,68,67,1701,688,157,294,0.77,0,0,1,0,0,0,0,0,1,1,8979,995,87,705,203,5759,124,2023,78,1.0,0.0
11130710.0,1564,3803,0,0,80,0,0,151,484,1316,234,113,26,147,103,30,20,467,443,44,145,0.55,0,0,0,0,0,0,0,0,0,0,6089,286,24,231,31,4770,192,821,20,0.0,0.0
11130720.0,2976,6099,0,0,303,1,18,546,824,1263,584,145,90,209,123,315,95,384,703,141,355,0.84,0,0,0,0,0,0,0,0,0,0,10603,1197,101,904,192,2016,737,6556,97,0.0,0.0
11140780.0,2353,14050,0,0,197,0,16,261,1443,417,801,1394,1704,479,3317,1079,616,759,950,142,475,0.76,0,0,0,0,0,0,0,0,0,0,9091,230,92,56,82,8705,13,106,37,0.0,0.0
11140770.0,3617,20120,4,0,806,3,12,4384,2491,515,1174,1729,1419,1075,1460,1815,862,461,1144,145,621,1.01,0,0,3,1,0,0,0,0,2,2,11878,1657,621,778,258,7071,203,2839,108,0.0,0.0
11140750.0,3036,19024,1,0,175,2,0,731,1963,1222,1531,1804,1265,721,1514,5607,213,501,998,131,645,0.62,0,0,0,0,0,0,0,0,0,0,7170,510,141,271,98,6067,38,520,35,0.0,1.0
11140590.0,3991,19926,1,0,249,92,16,1412,3719,1655,1412,1800,792,669,1929,3009,368,887,921,236,759,0.84,0,0,0,0,0,0,0,0,0,0,7309,218,60,98,60,6067,72,899,53,0.0,0.0
11140600.0,1938,9609,0,0,179,1,3,129,864,134,931,465,771,340,590,187,25,3330,903,202,555,0.87,0,0,0,0,0,0,0,0,0,0,3335,1066,320,602,144,1591,6,601,71,1.0,0.0
11140610.0,1037,5052,0,0,111,0,1,120,632,447,567,371,155,151,150,834,20,867,412,49,165,0.44,0,0,0,0,0,0,0,0,0,0,3186,564,186,281,97,1931,24,626,41,0.0,0.0
11140630.0,2258,6949,6,0,175,1,7,387,1368,553,453,495,121,249,660,381,536,569,604,89,295,0.78,0,0,1,0,0,0,0,0,1,1,7508,651,119,381,151,5227,171,1387,72,0.0,0.0
11140760.0,2679,9684,0,0,229,288,4,573,1392,167,949,1039,88,333,648,850,82,1888,574,175,405,1.45,0,0,1,0,0,0,0,0,1,1,8454,610,124,364,122,5609,178,1973,84,1.0,0.0
11140660.0,12734,63225,1,0,997,2,30,2600,10979,1876,8995,11030,2059,1919,6529,6707,201,2835,2216,1245,3004,1.65,0,0,6,1,0,1,1,0,3,5,9189,1361,275,710,376,2420,355,4613,440,0.0,0.0
11140680.0,3916,13670,0,0,310,1,54,1566,2208,605,1763,2465,843,359,1381,376,32,370,696,216,425,1.72,0,0,1,0,0,0,0,0,1,1,6319,666,108,430,128,1070,282,4164,137,0.0,0.0
11140690.0,3051,6853,0,0,256,0,4,463,1336,636,1266,381,69,195,434,452,84,118,654,187,318,1.13,0,0,0,0,0,0,0,0,0,0,7047,920,158,556,206,1492,434,4082,119,0.0,0.0
11140700.0,1984,4851,0,0,217,0,5,418,956,263,625,351,50,220,280,254,20,361,351,89,391,0.67,0,0,1,0,0,0,0,0,1,1,6467,421,32,248,141,2629,262,3054,101,0.0,0.0
11140710.0,3112,8720,0,0,279,2,0,714,1405,124,2274,1224,20,362,797,430,68,433,163,114,311,0.64,0,0,1,0,0,0,0,0,1,1,5648,1174,297,658,219,881,250,3210,133,0.0,0.0
11140720.0,2479,10128,0,0,287,0,153,2393,1378,503,594,1149,43,209,1102,450,83,637,590,194,363,0.8,0,0,0,0,0,0,0,0,0,0,6662,761,152,448,161,654,474,4681,92,0.0,0.0
11140730.0,3483,12889,0,0,134,0,38,1190,1702,641,652,325,38,369,544,2092,2038,864,1090,501,671,2.07,0,0,2,1,0,0,0,0,1,1,13092,462,79,315,68,9927,340,2318,45,0.0,0.0
11140740.0,3848,49928,0,0,811,125,87,827,5681,1830,2789,26191,1043,664,3651,1224,1210,1496,1129,486,684,8.4,0,0,0,0,0,0,0,0,0,0,9956,347,91,136,120,8966,40,570,33,0.0,0.0
11150510.0,3879,22768,0,0,115,3,15,748,4642,351,2983,3891,1521,590,646,1057,603,2570,1572,537,924,1.41,0,0,3,1,1,0,1,0,0,2,7768,132,17,72,43,7368,42,197,29,0.0,0.0
11150520.0,1997,5102,0,0,127,0,0,394,1105,286,470,299,40,358,179,145,42,362,649,170,476,1.03,0,0,1,0,0,0,0,0,1,1,10552,586,57,402,127,2889,512,6498,67,0.0,0.0
11150530.0,1910,5418,0,0,169,0,11,279,1133,252,565,119,91,191,185,691,84,315,881,127,325,0.53,0,0,2,0,0,0,0,0,2,2,7164,555,59,360,136,2243,124,4188,54,0.0,0.0
11150540.0,2029,4679,0,0,169,1,88,325,1041,224,575,103,55,157,118,42,27,701,653,128,272,0.57,0,0,2,0,0,0,0,0,2,2,7503,637,34,438,165,2833,282,3680,71,0.0,0.0
11150710.0,2291,10551,0,0,57,202,88,202,1076,49,832,497,202,419,365,107,102,3295,2381,349,328,1.81,0,0,0,0,0,0,0,0,0,0,12391,0,0,0,0,12390,0,0,0,0.0,0.0
11150570.0,2163,5423,0,0,707,0,2,646,1196,605,543,44,44,137,36,99,69,122,660,91,422,0.65,0,0,2,0,0,0,0,0,2,2,6314,1106,81,810,215,1330,445,3320,113,0.0,0.0
11150580.0,1575,4722,0,0,386,0,21,1264,712,468,220,67,43,147,103,111,23,459,368,43,287,0.61,0,0,1,0,0,0,0,0,1,1,7374,273,9,186,78,3882,808,2368,43,0.0,0.0
11150590.0,1387,5202,0,0,467,0,0,706,710,899,290,26,13,52,92,80,67,595,981,70,154,0.87,0,0,1,0,0,0,0,0,1,1,4371,1147,133,854,160,1167,156,1854,47,0.0,0.0
11150600.0,1561,3773,0,0,230,1,8,339,632,703,405,34,63,149,60,91,23,308,452,40,235,0.52,0,0,0,0,0,0,0,0,0,0,6145,177,8,98,71,3416,377,2150,25,0.0,0.0
11150610.0,1298,4412,0,1,376,0,2,338,703,289,344,23,16,81,87,815,224,385,416,89,223,0.69,0,0,0,0,0,0,0,0,0,0,4715,470,31,324,115,1457,388,2355,45,0.0,0.0
11150620.0,2067,3890,0,0,111,0,47,166,483,1472,243,31,47,127,63,50,0,305,546,68,131,0.41,0,0,1,0,0,0,0,0,1,1,5099,54,0,21,32,4413,49,569,14,0.0,0.0
11150630.0,1659,5449,0,0,406,0,14,598,707,1089,285,44,9,133,74,182,756,268,556,103,225,1.19,0,0,2,0,0,0,0,0,2,2,8547,66,0,15,48,3291,187,4937,66,0.0,0.0
11150640.0,1526,6028,0,0,124,1,0,746,694,89,656,87,65,284,311,109,1081,717,692,99,273,0.7,0,0,2,0,0,0,0,0,2,2,6041,287,14,161,112,5440,0,268,46,0.0,0.0
11150650.0,1558,4352,0,0,85,3,0,138,774,176,554,35,49,223,180,86,22,1099,525,121,282,0.52,0,0,1,0,0,0,0,0,1,1,6119,312,30,187,95,5244,78,419,66,0.0,0.0
11150660.0,3383,10027,0,0,258,1,1,455,1169,2641,544,186,73,356,167,389,135,1283,1718,170,481,2.72,0,0,0,0,0,0,0,0,0,0,15440,549,78,422,49,13635,73,1158,25,0.0,0.0
11150720.0,4577,17493,0,0,634,1,34,3026,2512,724,1427,282,339,448,988,1308,81,1083,3646,286,674,1.01,0,0,1,0,0,0,0,0,1,1,10151,1289,49,937,303,1923,521,6296,122,0.0,0.0
11150690.0,1016,7889,0,0,56,93,195,140,406,57,300,42,99,269,174,87,3624,1277,652,242,176,0.96,0,0,0,0,0,0,0,0,0,0,7214,0,0,0,0,7214,0,0,0,0.0,0.0
11150700.0,1898,6637,0,0,79,0,3,225,777,1390,527,59,50,227,120,1073,102,984,580,147,294,1.21,0,0,1,0,0,0,0,0,1,1,10861,58,13,32,13,10653,0,125,25,0.0,0.0
11160510.0,3239,15826,0,0,494,315,24,1826,2504,1468,884,1739,207,656,1115,1177,67,922,1557,247,624,1.74,0,0,1,0,0,0,0,0,1,1,13248,86,9,43,34,11882,216,1015,49,0.0,0.0
11160520.0,2792,18157,0,0,636,1,18,1787,2390,2825,1077,1762,213,556,2549,910,461,436,1397,150,989,0.64,0,0,2,1,1,0,0,0,0,1,6384,183,16,109,58,4633,143,1382,43,0.0,0.0
11160530.0,1219,3878,0,0,166,0,2,197,867,286,258,74,33,130,97,300,139,605,397,73,254,0.92,0,0,0,0,0,0,0,0,0,0,7009,491,60,352,79,2717,472,3291,38,0.0,0.0
11160540.0,3373,22196,0,0,533,1,50,927,3264,942,1477,973,518,630,836,5756,116,1601,3508,322,742,0.79,0,0,0,0,0,0,0,0,0,0,13522,10,0,0,6,13287,0,211,14,0.0,0.0
11160730.0,4125,10371,0,0,593,1,43,1402,1795,601,1795,188,37,412,204,237,107,600,1468,300,588,1.12,0,0,2,0,0,0,0,0,2,2,18754,1240,118,831,291,5986,213,11128,187,0.0,0.0
11160570.0,1285,2883,0,0,172,0,1,185,899,188,158,83,7,93,47,83,22,292,425,61,167,0.45,0,0,0,0,0,0,0,0,0,0,6093,661,54,488,119,338,96,4930,68,0.0,0.0
11160580.0,1769,4703,0,0,136,1,5,373,742,259,700,170,82,238,131,74,59,380,894,176,283,0.53,0,0,0,0,0,0,0,0,0,0,6665,478,24,370,84,3463,108,2580,36,0.0,0.0
11160590.0,1880,4173,0,0,195,0,0,308,1154,307,515,58,40,161,94,44,74,419,456,104,244,0.82,0,0,0,0,0,0,0,0,0,0,7053,831,60,587,184,694,179,5270,79,0.0,0.0
11160550.0,2046,4591,0,0,162,2,3,212,906,328,632,288,56,168,96,104,64,411,822,74,263,0.98,0,0,0,0,0,0,0,0,0,0,12605,730,120,456,154,1064,630,10103,78,1.0,0.0
11160610.0,2404,13057,0,0,310,0,24,1746,1040,943,1177,243,517,339,434,1121,2405,1251,914,247,346,1.11,0,0,0,0,0,0,0,0,0,0,8085,560,44,391,125,3117,692,3641,75,0.0,0.0
11160630.0,1731,4037,0,0,109,1,0,287,995,276,556,193,50,166,124,100,28,159,677,88,228,0.53,0,0,0,0,0,0,0,0,0,0,9035,652,71,448,133,734,329,7273,47,0.0,0.0
11160640.0,10343,74453,3,0,2242,49,348,3379,12529,4953,5125,8928,1683,2214,23298,4003,242,1030,1962,1059,1406,4.7,0,0,0,0,0,0,0,0,0,0,7921,84,14,42,28,6733,359,713,32,0.0,0.0
11160650.0,859,3354,0,0,132,3,2,117,604,157,185,60,31,154,93,41,74,406,951,97,247,1.0,0,0,1,1,0,0,0,0,0,0,7085,0,0,0,0,7082,0,0,0,0.0,0.0
11160660.0,1154,7316,0,0,699,0,3,954,1113,988,93,810,4,202,624,141,639,319,536,52,139,0.5,0,0,0,0,0,0,0,0,0,0,7454,0,0,0,0,7454,0,0,0,0.0,0.0
11160670.0,7088,34449,2,0,635,6,121,3259,6721,3419,2023,2395,1092,852,2462,2523,197,2369,4837,359,1177,2.94,0,0,1,0,0,0,0,0,1,1,12284,242,8,184,50,9143,470,2389,40,0.0,0.0
11160740.0,2546,7512,0,0,136,101,1,617,1242,453,678,136,84,397,147,243,27,1026,1552,190,482,1.36,0,0,0,0,0,0,0,0,0,0,13395,431,27,296,108,9529,324,3040,71,0.0,1.0
11160690.0,2792,34219,39,0,338,5,44,567,1587,24549,1168,195,96,250,257,2179,303,765,1020,429,428,10.87,0,0,0,0,0,0,0,0,0,0,7888,1329,152,822,355,3044,133,3319,63,0.0,0.0
11160700.0,3796,12715,0,0,301,1,18,611,1933,1655,1039,236,147,664,385,810,624,1374,2077,256,584,1.48,0,0,1,0,0,0,0,0,1,1,13673,916,112,628,176,10024,144,2499,90,0.0,0.0
11160710.0,3952,16550,0,0,222,3,125,1185,2339,6502,1293,125,34,295,170,2475,252,283,755,144,348,6.41,0,0,1,0,0,0,1,0,0,1,7532,1218,338,737,143,3922,196,2086,110,0.0,0.0
11160720.0,1267,4884,0,0,51,5,62,151,492,1018,267,97,61,274,428,498,98,632,468,107,175,2.55,0,0,0,0,0,0,0,0,0,0,9698,117,0,94,20,8921,90,556,14,0.0,0.0
11170510.0,3761,16533,0,0,1876,7,9,1082,3261,311,1830,762,1994,528,830,1129,51,1470,819,174,400,1.47,0,0,2,1,1,0,0,0,0,1,11124,278,83,121,74,10552,106,137,51,0.0,0.0
11170520.0,1192,3140,0,0,157,0,2,128,545,439,196,85,9,179,78,220,46,496,315,58,187,1.02,0,0,1,0,0,0,0,0,1,1,6820,0,0,0,0,6700,0,112,7,0.0,0.0
11170710.0,9562,31653,5,0,2425,2,53,1746,13898,860,1134,360,433,533,1378,609,2091,382,4944,129,671,1.76,0,0,4,0,0,0,0,0,4,4,7183,2672,392,1998,282,1962,121,2307,121,0.0,0.0
11170540.0,10727,95600,9,1,7941,2,181,3943,10727,2891,3319,33149,2286,1644,13881,9954,384,2716,1227,404,941,1.02,0,0,1,1,0,0,0,0,0,0,7361,175,48,69,58,5481,126,1550,29,0.0,0.0
11170550.0,2439,6617,0,0,127,0,22,224,1302,275,798,145,119,1030,195,248,96,311,1309,144,272,0.46,0,0,0,0,0,0,0,0,0,0,8483,717,81,490,146,6027,123,1536,80,0.0,0.0
11170560.0,5737,26465,2,0,556,0,2,2919,3396,2315,1620,1045,3454,604,1624,4081,524,613,2344,369,997,1.03,0,0,4,1,1,0,0,0,2,3,8740,1018,71,790,157,6811,141,676,94,0.0,0.0
11170700.0,1170,4434,0,0,160,3,1,1081,468,103,411,46,60,66,203,168,63,152,1017,94,338,0.4,0,0,0,0,0,0,0,0,0,0,2551,997,75,787,135,114,104,1290,46,0.0,0.0
11170610.0,3228,10733,0,0,1095,96,22,866,2398,368,1079,95,192,273,166,505,326,1045,1530,386,291,1.16,0,0,5,0,0,0,1,0,4,5,7405,530,139,334,57,5556,111,1159,49,0.0,1.0
11170620.0,2285,5054,0,0,243,1,1,748,956,448,484,44,35,188,76,46,102,538,679,158,307,1.02,0,0,0,0,0,0,0,0,0,0,8142,1212,112,923,177,4499,332,2029,70,0.0,0.0
11170720.0,2515,6013,0,0,329,1,2,382,1392,477,605,72,60,172,107,117,29,495,1282,110,381,1.31,0,0,0,0,0,0,0,0,0,0,10967,1285,79,996,210,6071,342,3209,60,1.0,0.0
11170640.0,1754,3866,1,0,122,0,42,262,667,336,449,54,61,167,60,84,50,205,984,57,265,0.8,0,0,0,0,0,0,0,0,0,0,11045,432,28,306,98,6526,89,3961,37,0.0,0.0
11170650.0,1408,8875,0,0,141,1,2,402,771,306,324,61,29,79,97,5534,21,410,400,64,233,0.81,0,0,1,0,0,0,0,0,1,1,7266,587,67,394,126,2267,108,4234,70,0.0,0.0
11170670.0,1752,5386,0,0,130,1,0,821,873,392,576,126,83,250,135,524,76,275,765,75,284,0.59,0,0,1,0,0,0,1,0,0,1,6927,676,149,456,71,4262,255,1699,35,0.0,0.0
11170730.0,2413,8308,0,0,256,2,49,388,1181,1125,500,347,111,321,117,250,879,916,1209,123,534,3.2,0,0,0,0,0,0,0,0,0,0,13985,529,130,311,88,9695,1694,2023,44,1.0,0.0
11170690.0,1782,6305,0,0,1143,1,9,436,915,709,315,268,38,91,181,85,201,967,577,80,289,2.67,0,0,0,0,0,0,0,0,0,0,8840,334,104,182,48,1510,3213,3738,45,0.0,0.0
11170740.0,1263,3658,0,0,175,1,1,101,653,442,180,103,8,236,175,143,18,921,278,162,61,1.4,0,0,0,0,0,0,0,0,0,0,6173,31,5,6,20,5426,523,192,0,0.0,0.0
11180510.0,25533,182349,3,0,27257,32,43,10264,27788,3657,4642,45940,1974,3550,31075,19875,306,2672,1174,515,1582,2.52,0,0,5,0,0,0,5,0,0,5,6200,625,41,461,123,3027,193,2280,75,0.0,0.0
11180520.0,5691,25250,0,0,6410,88,67,1424,4635,1637,1346,964,351,790,2068,1340,96,945,1674,269,1146,2.09,0,0,7,2,0,0,2,0,3,5,13038,483,14,372,97,10364,48,2063,80,0.0,0.0
11180530.0,1549,4468,0,0,439,1,0,426,690,387,439,27,19,69,155,617,220,325,386,60,208,0.6,0,0,0,0,0,0,0,0,0,0,4931,1355,35,1178,142,235,241,3048,52,0.0,0.0
11180540.0,2583,6778,0,0,1177,0,6,571,992,434,604,112,106,183,313,281,183,506,860,114,336,0.92,0,0,0,0,0,0,0,0,0,0,6967,1322,27,1089,206,1560,305,3705,75,0.0,0.0
11180550.0,1366,3212,0,0,504,0,94,309,474,197,445,31,44,68,35,53,66,147,398,128,219,0.59,0,0,0,0,0,0,0,0,0,0,3946,1031,16,906,109,449,163,2263,40,0.0,0.0
11180570.0,4219,16226,0,0,1157,4,55,817,2026,589,1399,180,139,480,403,1871,2030,730,3328,228,790,1.71,0,0,1,1,0,0,0,0,0,0,10181,1500,74,1185,241,4903,309,3379,90,0.0,0.0
11180580.0,1072,2774,0,0,37,0,0,169,372,278,105,61,21,115,61,213,25,851,317,33,116,1.26,0,0,0,0,0,0,0,0,0,0,7981,115,34,64,17,7535,16,301,14,0.0,0.0
11180590.0,3779,9201,0,0,1263,4,66,1338,3862,538,235,57,48,110,332,606,20,403,90,27,202,1.07,0,0,2,0,0,0,0,0,2,2,4077,162,23,108,31,425,1984,1487,19,0.0,0.0
11180600.0,1162,2223,0,0,164,0,11,151,388,304,134,27,20,64,32,64,25,244,379,23,193,0.87,0,0,0,0,0,0,0,0,0,0,5976,926,37,796,93,1610,453,2960,27,0.0,0.0
11180610.0,1484,3835,0,0,216,0,0,243,551,884,340,16,23,101,36,82,84,158,806,74,221,1.39,0,0,0,0,0,0,0,0,0,0,5507,1288,56,1114,118,1581,202,2373,63,0.0,0.0
11190730.0,1723,5838,0,0,98,17,42,212,1228,547,789,119,36,154,806,257,66,487,705,82,193,1.02,0,0,1,0,1,0,0,0,0,1,6404,1278,263,842,173,3543,69,1463,51,0.0,0.0
11190740.0,14996,42431,1,0,1215,74,39,10007,7985,735,4067,3307,1513,956,1326,4406,417,638,3394,711,1640,1.26,0,0,6,1,1,0,1,0,3,5,7586,625,194,237,194,5078,109,1626,148,0.0,0.0
11190540.0,17274,195009,7,0,1010,634,161,5433,16108,3273,9419,21687,60027,4543,29982,24925,4942,1952,4562,1869,4475,8.4,0,0,3,1,1,0,0,1,0,2,10202,0,0,0,0,10200,0,0,0,0.0,0.0
11190550.0,6009,26110,0,0,870,1,15,1786,3818,795,1270,1567,2694,565,2213,5271,2738,328,1359,237,583,0.75,0,0,2,0,0,0,0,0,2,2,5770,799,151,386,262,4083,0,762,125,0.0,0.0
11190560.0,4354,25401,0,0,577,8,48,3799,2972,720,1437,2975,2464,730,1622,4983,120,1033,902,272,739,1.55,0,0,1,0,0,0,0,0,1,1,10563,330,50,187,93,8920,23,1219,71,0.0,0.0
11190750.0,1613,3121,0,0,147,0,1,378,692,419,249,187,51,141,144,40,24,131,254,59,204,0.89,0,0,1,0,0,0,0,0,1,1,4005,1270,134,991,145,1562,126,992,55,0.0,0.0
11190760.0,7595,49300,0,0,4676,107,2,2612,6577,1358,1721,6328,1806,887,2725,16168,512,1258,1190,285,1088,1.49,0,0,4,1,0,2,0,0,1,3,9046,243,156,19,68,8652,36,55,60,0.0,0.0
11190610.0,4744,25003,0,0,1246,2,3,1936,4786,2648,759,1465,1103,532,1853,6811,349,337,671,120,382,0.88,0,0,4,2,0,0,0,0,2,2,4229,659,347,165,147,3011,45,445,69,0.0,0.0
11190620.0,3544,22775,0,0,1510,9,153,1590,4617,1553,1197,3878,1993,591,2233,1499,20,674,540,120,598,3.0,0,0,0,0,0,0,0,0,0,0,7115,271,57,133,81,4652,155,1959,78,0.0,0.0
11190630.0,1429,4395,0,0,109,0,0,190,788,85,405,97,34,234,169,289,52,217,1386,104,236,0.66,0,0,1,0,0,0,0,0,1,1,4280,1518,203,1132,183,1327,137,1246,52,0.0,0.0
11190650.0,1230,2903,0,0,155,0,1,220,601,143,290,48,79,126,51,290,21,208,447,60,163,0.52,0,0,1,0,0,0,0,0,1,1,4739,1136,140,835,161,3172,0,391,40,0.0,0.0
11190660.0,590,1501,0,0,101,0,0,78,246,113,156,97,47,51,26,12,31,143,306,7,87,0.38,0,0,0,0,0,0,0,0,0,0,3725,624,59,489,76,2690,0,390,21,0.0,0.0
11190670.0,735,2078,0,0,57,0,0,163,439,304,189,23,14,97,30,22,56,358,178,47,101,0.47,0,0,0,0,0,0,0,0,0,0,2301,798,86,653,59,610,146,718,29,0.0,0.0
11190680.0,1714,4957,0,0,106,1,0,283,928,163,569,70,33,365,286,47,256,421,1002,124,303,0.65,0,0,0,0,0,0,0,0,0,0,5043,786,74,582,130,3414,174,604,65,0.0,0.0
11190690.0,1006,3447,0,0,83,38,0,144,606,143,255,133,44,183,248,338,366,301,359,55,151,0.64,0,0,0,0,0,0,0,0,0,0,6690,238,26,171,41,6182,37,206,27,0.0,0.0
11190700.0,1399,4781,0,0,183,0,2,215,832,115,436,50,34,161,67,61,20,185,2129,40,251,0.49,0,0,1,0,0,0,1,0,0,1,4052,1094,75,890,129,2142,143,607,66,0.0,0.0
11190710.0,2092,4741,0,0,141,0,2,563,1103,109,729,57,119,139,136,266,72,288,600,146,271,0.55,0,0,1,0,0,0,0,0,1,1,4241,1470,52,1235,183,1529,246,910,86,0.0,0.0
11190720.0,3423,9446,0,0,858,1,4,890,2094,872,639,659,247,233,350,566,80,464,996,171,322,0.95,0,0,1,0,0,0,0,0,1,1,7375,1136,39,836,261,4190,40,1881,128,0.0,0.0
11200720.0,2279,7335,0,0,94,1,15,141,848,223,1458,241,66,445,184,769,582,1106,567,293,302,1.58,0,0,0,0,0,0,0,0,0,0,10612,1055,252,659,144,8290,359,836,72,0.0,0.0
11200520.0,1956,6911,0,0,84,0,56,55,2423,173,592,297,259,174,131,111,1589,270,347,91,259,0.64,0,0,1,0,0,0,0,0,1,1,2752,1537,361,1042,134,104,214,811,86,0.0,0.0
11200530.0,2616,9710,0,0,163,0,16,417,1256,359,1086,586,67,366,468,254,106,2976,989,170,431,1.51,0,0,1,0,0,0,0,0,1,1,14737,926,149,596,181,9078,743,3845,145,1.0,0.0
11200540.0,1733,5469,7,0,121,56,53,241,790,154,606,105,121,318,177,102,247,618,1341,115,297,0.98,0,0,0,0,0,0,0,0,0,0,9039,855,241,510,104,6058,239,1817,70,0.0,0.0
11200550.0,1503,3780,0,0,154,0,21,298,819,230,404,59,42,118,92,34,52,162,847,88,360,0.6,0,0,1,0,0,0,0,0,1,1,7246,998,236,630,132,953,793,4436,66,0.0,0.0
11200560.0,1565,3447,0,0,136,1,4,188,587,347,373,93,22,113,104,43,23,407,736,65,205,0.75,0,0,0,0,0,0,0,0,0,0,8275,1443,353,950,140,688,663,5407,74,0.0,0.0
11200710.0,1943,10608,1,0,80,0,44,233,765,196,1041,149,132,290,727,98,71,3684,2526,271,300,1.68,0,0,1,0,0,0,0,0,1,1,9613,1480,368,923,189,6822,408,836,67,1.0,0.0
11200630.0,2455,10604,0,0,145,86,0,855,1344,251,1332,467,1685,492,736,870,70,421,1165,220,465,0.79,0,0,0,0,0,0,0,0,0,0,5780,1226,57,889,280,550,432,3442,130,0.0,0.0
11200730.0,2207,6128,0,0,192,3,0,197,1128,436,1131,165,146,335,209,75,90,565,794,199,463,2.75,0,0,1,0,1,0,0,0,0,1,8341,758,60,565,133,6387,197,923,76,0.0,0.0
11200650.0,1418,4718,0,0,61,0,20,239,546,206,382,98,21,589,123,809,24,843,390,137,230,0.92,0,0,0,0,0,0,0,0,0,0,7759,592,44,444,104,5227,163,1724,53,1.0,0.0
11200660.0,948,2004,0,0,135,0,1,123,485,135,189,61,39,74,48,30,20,126,396,39,103,0.38,0,0,1,0,0,0,0,0,1,1,4080,704,58,514,132,975,143,2227,31,0.0,0.0
11200670.0,834,1933,0,0,61,0,35,191,324,119,132,67,6,94,122,80,18,365,112,60,147,0.57,0,0,0,0,0,0,0,0,0,0,3515,457,39,325,93,1720,195,1101,42,0.0,0.0
11200680.0,2377,12418,0,0,234,0,6,1405,1529,282,943,303,127,444,1229,1293,125,1883,1851,210,554,1.55,0,0,0,0,0,0,0,0,0,0,11808,1002,206,655,141,7032,394,3281,99,0.0,0.0
11200690.0,1434,4365,0,0,149,2,1,621,732,121,373,73,108,218,216,406,67,365,619,75,219,0.62,0,0,0,0,0,0,0,0,0,0,6538,799,40,647,112,4630,102,970,37,0.0,0.0
11200700.0,1852,17639,0,0,213,0,201,648,1393,275,976,2951,496,572,3406,1091,476,530,3633,213,565,1.03,0,0,0,0,0,0,0,0,0,0,5520,690,101,514,75,3092,244,1447,47,0.0,0.0
11210520.0,1943,7099,0,0,219,2,0,400,1369,184,778,541,138,285,654,819,102,544,740,90,234,0.76,0,0,1,0,1,0,0,0,0,1,6221,1327,232,929,166,1413,622,2778,81,0.0,0.0
11210540.0,745,1503,0,0,53,0,0,90,269,90,132,38,23,95,118,16,20,172,221,55,111,0.3,0,0,2,0,0,0,0,0,2,2,5263,484,157,288,39,4356,110,286,27,0.0,0.0
11210790.0,1357,3265,0,1,103,1,0,298,438,268,212,87,23,179,147,116,26,740,363,85,178,0.68,0,0,0,0,0,0,0,0,0,0,10578,375,115,212,48,8669,129,1368,37,0.0,0.0
11210570.0,2043,6101,6,0,146,0,19,378,1034,186,718,274,217,350,249,164,47,783,1040,144,346,0.72,0,0,1,0,0,0,1,0,0,1,7088,1164,75,921,168,3530,106,2181,107,0.0,0.0
11210580.0,1980,8969,0,0,223,0,20,813,918,625,2061,664,117,389,751,263,97,358,967,341,362,2.27,0,0,0,0,0,0,0,0,0,0,3543,648,69,450,129,1422,405,981,87,1.0,0.0
11210800.0,2717,12571,0,0,181,2,59,1248,1348,219,1293,501,159,874,264,307,2724,1001,1536,252,603,1.18,0,0,2,0,0,0,0,1,1,2,7921,1220,122,854,244,4392,456,1732,121,0.0,0.0
11210780.0,2348,8039,11,0,475,0,44,914,1067,524,828,165,60,301,168,335,109,634,1822,120,462,0.78,0,0,2,0,0,0,0,0,2,2,10519,1033,296,568,169,6053,246,3079,108,0.0,0.0
11210610.0,1659,5458,0,0,114,1,0,985,737,114,606,343,154,253,228,254,16,387,864,135,267,0.39,0,0,1,0,0,0,0,0,1,1,3591,950,226,567,157,1013,157,1398,73,0.0,0.0
11210620.0,1557,4630,0,0,380,4,20,468,660,207,531,197,128,216,536,73,23,328,500,104,255,1.08,0,0,1,0,0,0,0,0,1,1,6849,831,54,593,184,1319,692,3925,82,0.0,0.0
11210630.0,1472,7215,0,0,73,0,0,421,801,138,761,469,80,168,606,2537,102,323,329,175,232,3.27,0,0,1,1,0,0,0,0,0,0,5277,478,38,353,87,2093,529,2135,42,0.0,0.0
11210640.0,1825,8898,0,0,67,2,0,727,1130,126,1566,106,150,281,193,1727,153,221,1797,303,349,0.65,0,0,1,0,0,0,0,1,0,1,5454,979,82,784,113,785,448,3171,71,0.0,0.0
11210650.0,1165,2706,0,0,147,1,1,152,474,111,318,62,21,95,369,55,146,176,369,49,160,0.55,0,0,1,0,0,0,0,0,1,1,3858,1359,87,1121,151,677,82,1653,87,0.0,0.0
11210660.0,1560,3344,0,0,119,0,2,190,512,661,441,101,22,122,79,52,80,447,286,74,156,0.99,0,0,1,0,0,0,0,0,1,1,5152,1039,94,779,166,1763,274,1951,125,0.0,0.0
11210680.0,1892,4428,0,0,377,1,0,508,831,191,483,67,42,213,137,112,86,271,624,110,375,0.64,0,0,1,0,0,0,0,0,1,1,4211,1654,51,1342,261,297,134,2034,92,0.0,0.0
11210690.0,2198,5910,0,0,130,0,4,350,924,94,1682,376,70,413,224,187,64,193,614,223,362,0.54,0,0,1,0,0,0,0,1,0,1,4242,829,151,490,188,1244,14,1965,190,0.0,0.0
11210710.0,744,2078,0,0,88,0,0,91,258,308,93,48,11,50,26,306,50,327,309,36,77,0.8,0,0,0,0,0,0,0,0,0,0,4938,445,82,336,27,3873,79,525,16,0.0,0.0
11210720.0,2634,6832,0,0,681,0,36,447,1044,755,853,609,118,258,266,345,19,209,726,141,325,0.67,0,0,1,0,0,0,0,0,1,1,4180,858,16,631,211,1231,130,1832,129,0.0,0.0
11210730.0,2035,15662,0,0,76,0,0,106,687,559,1660,444,91,208,1171,130,89,9492,279,367,303,8.3,0,0,1,0,0,0,0,0,1,1,4400,1102,85,812,205,2006,232,826,234,0.0,0.0
11210820.0,1330,3061,0,0,109,0,0,130,581,333,147,64,16,137,60,54,23,385,816,35,171,2.66,0,0,1,0,0,0,0,0,1,1,7833,1844,1127,619,98,4712,233,1010,34,0.0,0.0
11210830.0,2169,5598,0,0,656,0,0,506,836,411,450,93,57,195,122,188,82,703,916,115,268,1.38,0,0,1,0,0,0,0,0,1,1,8791,1134,214,728,192,3654,425,3470,108,0.0,0.0
11210810.0,1441,3028,0,0,139,0,0,241,549,335,215,30,43,87,62,54,28,382,570,55,238,0.96,0,0,1,0,0,0,0,0,1,1,7659,1496,191,1168,137,915,715,4470,63,0.0,0.0
11220510.0,5415,43292,3,0,614,33,72,11339,6150,885,1628,3351,888,1558,5956,3831,93,3567,1612,665,1047,1.42,0,0,2,0,0,1,0,0,1,2,6735,443,118,250,75,4527,239,1436,90,1.0,0.0
11220520.0,8575,72376,31,0,629,177,31,7776,7677,964,2618,9843,9272,2153,7300,14556,1728,2866,3144,351,1260,1.24,0,0,3,0,0,0,0,0,3,3,6901,97,5,67,25,6285,81,387,51,0.0,0.0
11220530.0,11983,91894,8,0,1411,4,70,9481,8887,2262,4151,12265,2034,3207,19044,12179,7272,3062,1893,2267,2397,2.93,0,0,1,1,0,0,0,0,0,0,10040,316,30,200,86,6096,661,2844,123,0.0,0.0
11220540.0,4216,30827,0,0,101,0,2,2117,4949,137,2371,2712,1429,1661,5216,2735,30,2322,4071,314,660,0.88,0,0,2,0,0,1,0,0,1,2,9224,19,0,13,5,9077,48,72,8,0.0,0.0
11220550.0,3368,18105,1,4,459,1,11,4204,2384,122,1392,1959,352,793,3021,880,24,782,940,524,252,1.76,0,0,1,0,0,0,0,0,1,1,11494,231,11,151,69,10436,123,608,96,0.0,0.0
11220560.0,248,1098,0,0,22,0,0,5,129,10,88,99,2,106,64,44,80,406,7,1,35,1.01,0,0,2,0,0,0,0,0,2,2,3662,0,0,0,0,3660,0,0,0,0.0,0.0
11220570.0,2551,14683,0,0,146,1,0,3742,1923,278,874,1407,347,759,1985,427,25,845,1232,255,437,1.0,0,0,1,0,0,0,0,0,1,1,9429,478,12,383,83,6526,309,2047,69,0.0,0.0
11220580.0,508,2350,0,0,6,1,0,30,253,63,163,28,111,166,47,39,194,619,168,196,266,1.35,0,0,1,0,0,0,0,0,1,1,4702,0,0,0,0,4702,0,0,0,0.0,0.0
11220590.0,1376,7196,0,0,18,4,0,1475,1067,36,579,69,136,520,299,1218,20,708,680,167,200,1.28,0,0,3,1,1,1,0,0,0,2,7183,6,0,0,5,7177,0,0,0,0.0,0.0
11220600.0,4134,29538,2,0,130,1,84,821,6899,2196,3368,820,559,661,2405,1899,321,2200,5277,992,903,1.43,0,0,2,0,1,0,0,0,1,2,6192,118,24,68,26,3834,967,1211,62,1.0,0.0
11220610.0,2400,9854,0,0,292,0,0,642,2143,271,817,696,279,572,1320,1052,285,542,425,157,361,0.67,0,0,1,0,0,0,0,0,1,1,5743,314,41,200,73,3500,159,1697,73,0.0,0.0
11220620.0,2535,19930,0,0,187,2,0,7849,2418,136,792,1015,660,474,1836,2539,55,443,497,167,860,0.7,0,0,0,0,0,0,0,0,0,0,5539,399,29,311,59,1952,265,2841,82,0.0,0.0
11220630.0,2720,16795,1,0,233,0,2,2064,3363,1601,1535,1494,1047,504,1225,1398,260,576,790,120,582,1.93,0,0,1,0,0,0,0,0,1,1,5306,776,49,615,112,2125,189,2147,69,0.0,0.0
11220640.0,1926,13604,1,0,125,12,3,4336,1502,204,324,968,245,474,1003,949,144,1765,886,71,592,2.4,0,0,0,0,0,0,0,0,0,0,6828,326,54,236,36,4384,327,1758,33,0.0,1.0
11220650.0,3244,13998,0,0,508,0,40,1480,2255,235,859,1275,709,606,1752,984,216,1179,1065,248,587,0.98,0,0,1,0,0,0,0,0,1,1,7712,463,79,267,117,3778,259,3107,105,0.0,0.0
11220660.0,5541,46674,2,0,964,14,78,5420,5588,839,2034,4149,718,1336,12257,7108,520,1897,2060,290,1400,5.76,0,0,1,0,0,0,0,0,1,1,14561,516,139,298,79,10799,869,2244,133,0.0,0.0
11220670.0,7752,49915,36,0,720,1,64,7395,9333,1574,2112,3847,671,1172,15506,4385,29,1325,440,361,944,7.58,0,0,3,2,0,0,0,0,1,1,6842,386,10,242,134,909,844,4463,240,0.0,0.0
11220680.0,1483,10238,2,0,147,2,0,2197,1504,833,421,162,43,298,1295,629,1038,546,920,63,138,12.68,0,0,0,0,0,0,0,0,0,0,5435,593,269,277,47,4732,16,69,25,0.0,0.0
11230510.0,5836,28254,0,7,1320,1,0,705,6374,206,3720,2279,347,1272,4926,777,68,1272,3662,382,936,1.89,0,0,2,0,1,0,0,0,1,2,4948,343,25,210,108,3582,107,786,130,0.0,0.0
11230520.0,8251,50525,2,0,1107,2,99,5441,9144,496,3366,8405,1483,2352,8530,3125,108,614,4234,834,1183,1.25,0,0,2,0,0,0,0,0,2,2,8113,854,64,620,170,1800,962,4278,219,0.0,0.0
11230530.0,8651,72273,2,0,1566,28,0,8021,12757,1774,3730,10938,1344,3654,15755,5765,688,1093,2231,863,2064,1.47,0,0,5,0,1,0,3,1,0,5,7132,616,60,413,143,2852,676,2812,176,0.0,1.0
11230770.0,5961,36375,11,0,2118,0,0,1155,8655,187,4962,3237,1069,1676,4329,778,74,2495,3207,494,1928,2.53,0,0,4,0,2,0,0,0,2,4,8856,170,20,76,74,7842,247,496,101,0.0,0.0
11230780.0,6669,43440,0,0,3075,1,218,1787,9489,324,4595,2920,885,1949,5988,3075,269,1203,3322,608,3732,2.33,0,0,3,0,1,0,0,0,2,3,9731,361,34,239,88,7322,570,1356,122,0.0,0.0
11230580.0,7562,75500,3,0,516,16,13,5886,19974,842,5774,11430,3522,2771,11664,7881,243,745,1515,1282,1423,1.94,0,0,1,0,0,0,0,0,1,1,4595,217,92,81,44,3111,384,832,51,0.0,0.0
11230590.0,6245,48732,8,12,588,18,1,1962,6780,463,1854,6471,3166,2301,7876,10667,2588,924,1626,557,870,1.24,0,0,2,0,0,0,0,0,2,2,10178,370,21,279,70,6887,149,2685,87,0.0,0.0
11230600.0,1380,7865,0,0,40,0,0,87,555,26,726,68,229,385,723,183,195,3368,796,217,267,0.79,0,0,1,0,1,0,0,0,0,1,6935,5,0,0,0,6868,12,44,6,0.0,0.0
11230790.0,5958,73384,25,2,1497,11,60,3726,13283,303,2328,10425,2877,2432,13973,15332,1118,3394,1037,520,1041,2.0,0,0,2,0,0,0,0,0,2,2,11109,127,10,81,36,9998,60,889,35,0.0,0.0
11230630.0,5840,33649,3,0,555,205,75,2330,4301,566,3111,3500,3328,1666,4323,3111,119,4117,1063,434,842,0.73,0,0,2,0,0,0,0,0,2,2,6564,464,13,343,108,1985,130,3861,124,0.0,0.0
11230640.0,21199,176802,14,0,2461,302,10,9487,28826,1548,10804,32417,11220,8853,41318,10489,835,5266,7662,1289,4001,2.35,0,0,2,1,0,0,0,0,1,1,11995,1217,152,806,259,2678,972,6915,213,0.0,0.0
11230650.0,5921,44391,0,0,822,2,2,1700,7463,1380,1794,7061,3250,2604,6815,7181,76,1338,1691,333,879,1.15,0,0,0,0,0,0,0,0,0,0,11862,297,25,228,44,8691,258,2561,55,0.0,0.0
11230660.0,2535,18641,7,0,321,98,0,2053,2775,322,899,3039,664,727,1368,904,0,1065,3687,272,440,1.02,0,0,1,0,0,0,0,0,1,1,6840,129,11,84,34,5802,187,664,58,0.0,0.0
11230670.0,2827,20777,0,1,1190,3,212,3151,3538,171,1134,2275,857,1242,3676,1018,21,1103,388,429,368,1.02,0,0,0,0,0,0,0,0,0,0,10213,45,0,22,21,9727,126,245,70,0.0,0.0
11230680.0,259,1090,0,0,12,0,17,168,117,426,17,14,7,115,21,11,19,101,15,3,27,1.27,0,0,0,0,0,0,0,0,0,0,1608,7,0,0,0,1499,0,102,0,0.0,0.0
11230800.0,1336,4154,0,0,39,4,2,111,563,88,375,102,92,420,234,36,22,1179,561,108,218,2.51,0,0,0,0,0,0,0,0,0,0,7063,62,6,40,16,6681,9,292,19,0.0,0.0
11230511.0,802,10586,4,0,24,305,201,105,662,210,179,634,56,1267,318,4924,400,287,810,74,126,1.24,0,0,1,0,0,0,0,0,1,1,6680,0,0,0,0,6678,0,0,0,0.0,0.0
11230710.0,2844,10958,0,0,375,0,1,1969,2589,185,547,606,66,425,1521,869,92,477,642,149,445,1.49,0,0,0,0,0,0,0,0,0,0,7409,258,5,174,79,3451,481,3031,188,0.0,0.0
11230760.0,2620,10025,2,0,536,0,1,570,2473,1085,556,421,76,466,746,217,74,1018,1256,105,423,6.36,0,0,0,0,0,0,0,0,0,0,12596,758,228,466,64,11467,199,163,9,0.0,0.0
11230720.0,737,9847,3,0,15,2,0,38,454,77,396,183,51,215,98,34,46,722,7210,113,190,2.58,0,0,1,0,0,0,0,0,1,1,7280,104,7,97,0,6884,291,0,0,0.0,0.0
11230730.0,2227,6756,0,0,66,127,75,1142,611,1177,426,344,15,116,218,957,78,395,682,154,173,0.92,0,0,2,0,0,0,0,0,2,2,4792,506,32,383,91,3033,7,1178,68,0.0,0.0
11230750.0,2144,18884,0,0,258,128,5,2647,4152,704,782,537,599,503,1593,4252,80,456,1103,335,750,1.43,0,0,1,0,0,0,0,0,1,1,7246,58,31,22,5,7185,0,0,0,0.0,0.0
11240510.0,898,2399,16,0,180,0,0,119,460,263,144,38,184,104,53,69,20,143,361,22,223,0.77,0,0,0,0,0,0,0,0,0,0,3296,892,33,767,92,1596,204,562,42,0.0,0.0
11240520.0,1794,16942,0,0,423,8,65,711,1543,444,482,142,79,258,623,541,394,841,9978,91,319,1.59,0,0,0,0,0,0,0,0,0,0,7608,499,14,378,107,5535,178,1341,55,0.0,0.0
11240530.0,1249,3680,4,0,148,1,16,310,867,228,322,133,4,105,108,54,15,335,757,82,191,0.51,0,0,0,0,0,0,0,0,0,0,3552,410,9,311,90,1542,212,1345,43,0.0,0.0
11240540.0,1359,4916,1,0,226,2,0,255,579,265,385,48,78,205,341,126,25,406,1683,116,175,0.53,0,0,0,0,0,0,0,0,0,0,5382,306,14,249,43,4442,61,544,29,0.0,0.0
11240550.0,1447,3223,0,0,153,1,0,221,529,788,264,72,13,156,62,39,62,228,377,39,219,0.58,0,0,1,0,0,0,0,0,1,1,5299,986,145,689,152,2326,171,1748,68,0.0,0.0
11240560.0,1793,4759,0,0,257,0,0,190,1005,812,419,78,37,132,199,42,219,238,770,79,282,0.89,0,0,1,0,0,0,0,0,1,1,5354,938,184,614,140,1321,404,2595,96,0.0,0.0
11240570.0,2025,7906,0,0,416,1,99,609,1599,666,774,227,46,268,975,138,84,1252,273,176,303,0.5,0,0,0,0,0,0,0,0,0,0,4921,127,0,70,57,2146,310,2250,88,0.0,0.0
11240580.0,5101,24960,0,0,1309,19,13,3410,4695,454,2694,3511,988,1158,2086,1923,21,581,1076,319,703,0.8,0,0,0,0,0,0,0,0,0,0,8214,342,7,233,102,1212,621,5948,91,0.0,0.0
11240590.0,771,5088,2,0,18,1,3,71,509,18,367,19,109,126,81,661,536,1171,108,1137,151,3.17,0,0,1,0,0,0,0,0,1,1,5543,0,0,0,0,5540,0,0,0,1.0,0.0
11240600.0,3539,20586,8,0,692,1,1,3487,3028,637,924,581,244,426,817,6454,62,1293,756,652,523,1.65,0,0,1,0,0,0,0,0,1,1,12963,367,0,228,136,7216,560,4674,146,0.0,0.0
11240610.0,3496,13713,0,0,267,10,12,3742,1775,710,1832,678,167,352,1149,584,20,504,1204,177,530,0.79,0,0,1,0,0,0,0,0,1,1,9335,405,0,280,123,1267,393,7168,102,0.0,0.0
11240620.0,1285,3934,0,0,137,2,0,291,753,100,349,46,31,195,375,235,21,826,339,62,172,0.53,0,0,0,0,0,0,0,0,0,0,6583,120,0,87,33,4575,155,1705,28,0.0,0.0
11240630.0,3916,15906,2,0,431,0,1,2466,2517,429,1727,540,650,654,1368,1608,41,932,1476,279,785,0.95,0,0,1,0,0,0,0,0,1,1,12091,510,7,360,143,1066,423,9931,161,0.0,0.0
11240640.0,2829,10270,0,0,433,2,60,1278,1747,508,906,460,249,524,959,322,132,911,1036,245,498,0.95,0,0,0,0,0,0,0,0,0,0,11497,477,0,364,113,479,284,10168,89,0.0,0.0
11240650.0,4874,29914,6,0,563,17,48,5532,5040,523,1841,2010,765,2126,4797,1096,1068,1219,2311,375,577,1.13,0,0,0,0,0,0,0,0,0,0,8410,332,0,171,158,4975,231,2742,130,0.0,0.0
11240660.0,3731,12330,33,0,135,0,38,40,8889,93,440,85,118,477,169,584,52,376,429,52,320,1.34,0,0,0,0,0,0,0,0,0,0,9716,0,0,0,0,9716,0,0,0,0.0,0.0
11240670.0,3314,12174,0,0,405,3,34,1714,2578,569,734,348,106,869,1535,828,21,866,936,157,471,0.96,0,0,1,0,0,0,0,0,1,1,10424,273,0,156,116,6417,188,3452,94,0.0,0.0
11240680.0,1932,7535,0,4,306,4,43,1911,1666,275,565,217,61,501,560,226,20,366,380,128,302,0.56,0,0,0,0,0,0,0,0,0,0,6783,223,0,122,101,3181,187,3102,90,0.0,0.0
11240690.0,13609,100070,4,3,2658,20,216,28037,17941,4376,3299,9847,703,3915,18804,4806,1935,684,1269,457,1096,2.2,0,0,3,1,0,0,1,0,1,2,5607,0,0,0,0,5606,0,0,0,0.0,0.0
11240810.0,1983,9411,0,0,130,2,31,700,936,2226,444,147,39,263,1601,660,68,1030,682,131,321,1.37,0,0,0,0,0,0,0,0,0,0,11732,269,0,177,89,8253,194,2945,71,0.0,0.0
11240820.0,1609,5929,9,0,35,1,3,126,741,1577,625,53,29,294,139,69,27,1046,862,119,174,2.55,0,0,0,0,0,0,0,0,0,0,9962,0,0,0,0,9962,0,0,0,0.0,0.0
11240710.0,4307,22020,0,0,268,1,8,3891,3409,369,2743,949,341,1096,2506,1293,1276,907,1504,582,877,0.94,0,0,0,0,0,0,0,0,0,0,9583,593,5,449,139,1145,124,7576,145,0.0,0.0
11240790.0,1228,4519,0,0,10,2,0,77,696,311,293,71,57,270,105,33,255,1045,399,681,214,2.18,0,0,0,0,0,0,0,0,0,0,11241,0,0,0,0,11241,0,0,0,0.0,0.0
11240800.0,2087,8939,0,0,50,6,0,76,2544,129,1626,132,133,356,239,175,109,667,540,1901,256,1.49,0,0,5,1,1,1,0,0,2,4,11046,0,0,0,0,11046,0,0,0,0.0,0.0
11240750.0,626,1806,0,0,11,1,5,28,325,64,168,50,40,133,40,14,57,521,241,33,75,1.56,0,0,0,0,0,0,0,0,0,0,6866,0,0,0,0,6864,0,0,0,0.0,0.0
11240770.0,3598,55087,2,0,454,1,0,3300,13148,1982,3895,16309,3968,1182,4321,1353,1863,551,1485,460,813,2.79,0,0,6,2,1,1,2,0,0,4,5372,0,0,0,0,5372,0,0,0,0.0,0.0
11240780.0,338,1289,0,0,4,3,0,103,153,26,36,8,43,85,43,144,11,443,22,37,128,0.6,0,0,1,0,0,0,0,0,1,1,3198,0,0,0,0,3198,0,0,0,0.0,0.0
11250750.0,1618,4963,0,0,26,6,0,354,618,1648,271,55,18,145,83,78,61,633,759,90,118,2.26,0,0,0,0,0,0,0,0,0,0,11745,31,18,7,6,11638,0,76,0,0.0,0.0
11250760.0,1741,7197,2,0,126,5,1,168,1134,224,635,94,44,297,190,138,54,1253,2389,236,207,1.82,0,0,0,0,0,0,0,0,0,0,0,0,0,0,0,0,0,0,0,0.0,0.0
11250770.0,541,19974,0,0,68,0,1,13427,437,110,283,311,25,174,3464,843,26,332,293,51,129,1.09,0,0,0,0,0,0,0,0,0,0,0,0,0,0,0,0,0,0,0,0.0,0.0
11250530.0,2680,8064,1,0,167,1,1,346,1459,223,1013,74,98,341,156,532,23,676,2168,260,525,0.61,0,0,0,0,0,0,0,0,0,0,8248,253,6,166,81,6765,119,1050,61,0.0,0.0
11250540.0,1515,5549,0,0,93,1,0,510,936,105,752,82,95,284,77,52,49,1523,679,123,188,0.97,0,0,1,1,0,0,0,0,0,0,4629,152,0,84,66,4196,0,255,26,0.0,0.0
11250550.0,1161,2970,1,0,65,1,0,85,418,212,247,78,16,179,54,56,80,851,412,52,163,1.51,0,0,0,0,0,0,0,0,0,0,7536,324,22,237,65,6854,0,315,43,0.0,0.0
11250560.0,1312,5376,121,0,114,16,32,82,612,1148,451,237,48,243,71,86,18,951,739,189,218,2.5,0,0,0,0,0,0,0,0,0,0,6605,555,14,441,100,5589,0,426,35,0.0,0.0
11250720.0,2709,6645,1,0,426,0,2,382,1195,557,667,223,124,179,111,176,29,316,1755,141,361,1.02,0,0,0,0,0,0,0,0,0,0,10089,1139,20,889,230,2790,247,5829,84,0.0,0.0
11250580.0,1248,3858,1,0,123,10,8,160,557,446,352,48,37,127,87,763,46,354,410,127,202,1.18,0,0,0,0,0,0,0,0,0,0,5214,177,22,111,44,4139,16,855,27,0.0,0.0
11250590.0,1335,2740,1,0,98,2,131,96,715,142,167,73,6,132,87,75,77,571,221,32,114,2.51,0,0,0,0,0,0,0,0,0,0,5583,209,85,104,20,4808,38,512,16,0.0,0.0
11250610.0,2438,5736,0,0,322,0,1,514,1044,670,495,158,137,211,123,161,41,700,789,81,289,0.71,0,0,1,1,0,0,0,0,0,0,8035,1009,22,808,179,2612,388,3958,68,0.0,0.0
11250730.0,4736,16059,0,0,638,3,7,918,4818,657,2036,213,309,513,395,740,102,538,3276,345,551,1.57,0,0,3,1,1,0,0,0,1,2,9362,1488,103,1134,251,2641,189,4901,143,0.0,0.0
11250630.0,2570,10141,2,0,256,0,25,434,2469,677,870,523,566,414,789,1259,63,279,948,132,435,0.79,0,0,0,0,0,0,0,0,0,0,7964,995,85,785,125,4651,204,2084,30,0.0,0.0
11250650.0,3089,19008,0,0,549,1,259,2370,2903,512,902,453,211,278,979,4173,2903,627,1293,122,473,0.58,0,0,0,0,0,0,0,0,0,0,6767,187,0,113,70,3288,317,2863,112,0.0,0.0
11250660.0,2537,6978,0,0,285,1,66,628,1270,454,852,156,469,322,379,366,24,170,977,121,438,0.67,0,0,1,0,0,0,0,0,1,1,6199,1244,44,902,298,1775,124,2950,106,0.0,0.0
11250670.0,3315,9342,36,0,503,6,4,837,2228,249,1254,283,197,336,820,499,33,474,856,231,496,0.71,0,0,1,0,0,0,0,0,1,1,6685,573,7,400,166,2730,148,3151,83,0.0,0.0
11250740.0,6509,20017,0,1,717,22,7,2600,2970,1779,1893,483,609,813,654,1078,229,968,4027,329,838,1.61,0,0,2,0,0,0,0,0,2,2,14776,830,16,590,224,8719,588,4492,147,0.0,0.0
11250700.0,23,246,0,0,1,0,0,1,36,10,6,1,0,0,0,0,0,176,0,7,8,0.92,0,0,0,0,0,0,0,0,0,0,5,5,0,0,0,0,0,0,0,0.0,0.0
11250710.0,2080,9970,4,0,288,2,0,640,2444,619,699,120,54,243,339,113,100,610,3272,134,289,1.56,0,0,0,0,0,0,0,0,0,0,7962,543,31,377,135,5011,154,2187,67,0.0,0.0
