ADM_CD,total_all_2022,solo_all_2022,total_20_2022,solo_20_2022,total_25_2022,solo_25_2022,total_30_2022,solo_30_2022,total_35_2022,solo_35_2022,solo_20s_2022,solo_30s_2022,solo_all_ratio,solo_20s_ratio,solo_30s_ratio
11010530,7848.0,1854.0,582.0,183.0,687.0,220.0,779.0,244.0,758.0,205.0,201.5,224.5,23.623853211009173,10.86839266450917,12.108953613807982
11010540,2384.0,831.0,156.0,78.0,172.0,90.0,193.0,90.0,211.0,99.0,84.0,94.5,34.85738255033557,10.108303249097473,11.371841155234657
11010550,9116.0,1530.0,1147.0,201.0,841.0,154.0,711.0,181.0,652.0,154.0,177.5,167.5,16.783677051338305,11.601307189542483,10.947712418300654
11010560,15369.0,1604.0,1269.0,132.0,1173.0,127.0,1172.0,144.0,1075.0,117.0,129.5,130.5,10.43659314203917,8.073566084788029,8.135910224438902
11030740,18531.0,5332.0,1138.0,439.0,1829.0,748.0,2393.0,897.0,2037.0,707.0,593.5,802.0,28.77340672386811,11.130907726931733,15.04126031507877
11040520,13219.0,2198.0,1150.0,248.0,1258.0,294.0,1325.0,267.0,1252.0,218.0,271.0,242.5,16.627581511460775,12.329390354868062,11.032757051865332
11040540,20118.0,3873.0,2127.0,684.0,2224.0,770.0,2006.0,468.0,1626.0,338.0,727.0,403.0,19.2514166418133,18.7709785695843,10.405370513813581
11020680,7166.0,1250.0,458.0,81.0,610.0,129.0,730.0,130.0,760.0,119.0,105.0,124.5,17.443483114708343,8.4,9.959999999999999
11040730,18002.0,2259.0,1204.0,105.0,1530.0,139.0,2238.0,300.0,2193.0,271.0,122.0,285.5,12.548605710476613,5.400619743249226,12.63833554670208
11020580,5751.0,2333.0,1189.0,641.0,970.0,515.0,589.0,288.0,423.0,178.0,578.0,233.0,40.56685793774996,24.774967852550365,9.987141020145735
11020590,5095.0,2048.0,385.0,211.0,584.0,328.0,494.0,249.0,376.0,211.0,269.5,230.0,40.196270853778216,13.1591796875,11.23046875
11040550,13562.0,6208.0,3470.0,2398.0,2919.0,2024.0,1334.0,594.0,780.0,337.0,2211.0,465.5,45.77495944550951,35.615335051546396,7.498389175257731
11030510,15070.0,3129.0,1196.0,240.0,1387.0,304.0,1612.0,449.0,1464.0,374.0,272.0,411.5,20.763105507631057,8.692873122403324,13.151166506871203
11030520,10502.0,2637.0,713.0,245.0,1097.0,413.0,1389.0,503.0,1008.0,321.0,329.0,412.0,25.1095029518187,12.476298824421692,15.623814941221084
11030530,6903.0,2825.0,408.0,220.0,591.0,331.0,647.0,325.0,510.0,237.0,275.5,281.0,40.92423583949007,9.752212389380531,9.946902654867257
11030570,11847.0,1676.0,901.0,123.0,801.0,126.0,1192.0,221.0,1198.0,198.0,124.5,209.5,14.147041445091585,7.428400954653938,12.5
11030580,7671.0,1150.0,673.0,117.0,628.0,125.0,744.0,154.0,759.0,147.0,121.0,150.5,14.9915265284839,10.521739130434783,13.086956521739129
11030590,10006.0,1603.0,710.0,147.0,793.0,191.0,1084.0,208.0,1057.0,180.0,169.0,194.0,16.020387767339596,10.542732376793513,12.102308172177167
11030650,6906.0,2245.0,472.0,187.0,779.0,331.0,825.0,357.0,744.0,290.0,259.0,323.5,32.5079640891978,11.53674832962138,14.409799554565703
11040590,10794.0,1499.0,768.0,60.0,758.0,65.0,1050.0,156.0,1084.0,144.0,62.5,150.0,13.887344821196962,4.169446297531688,10.00667111407605
11040620,11690.0,1795.0,784.0,81.0,911.0,107.0,1371.0,217.0,1511.0,220.0,94.0,218.5,15.355004277159967,5.236768802228412,12.172701949860725
11040650,13780.0,2554.0,1192.0,234.0,1299.0,286.0,1551.0,408.0,1352.0,317.0,260.0,362.5,18.53410740203193,10.180109631949882,14.193422083007048
11040670,16544.0,3648.0,1325.0,303.0,1614.0,402.0,1644.0,391.0,1476.0,317.0,352.5,354.0,22.05029013539652,9.662828947368421,9.703947368421053
11040690,10124.0,2613.0,808.0,234.0,886.0,274.0,1082.0,294.0,936.0,219.0,254.0,256.5,25.809956538917422,9.720627631075391,9.81630309988519
11040700,14560.0,4245.0,1168.0,453.0,1327.0,564.0,1393.0,554.0,1237.0,485.0,508.5,519.5,29.15521978021978,11.978798586572438,12.237926972909305
11080650,21656.0,2623.0,1868.0,257.0,1592.0,229.0,2046.0,190.0,2258.0,182.0,243.0,186.0,12.112116734392316,9.264201296225696,7.091117041555471
11080660,27174.0,1889.0,1762.0,72.0,1761.0,79.0,2827.0,104.0,3772.0,124.0,75.5,114.0,6.951497755207184,3.996823716251985,6.034939121228163
11080810,14730.0,3039.0,1313.0,436.0,1513.0,533.0,1459.0,436.0,1238.0,337.0,484.5,386.5,20.631364562118126,15.94274432379072,12.717999341888781
11080820,22462.0,5205.0,2479.0,933.0,2465.0,911.0,2259.0,719.0,1971.0,526.0,922.0,622.5,23.172469058854954,17.713736791546587,11.959654178674352
11080830,14601.0,6045.0,2548.0,1791.0,2303.0,1630.0,1709.0,793.0,1199.0,499.0,1710.5,646.0,41.40127388535032,28.296112489660874,10.686517783291977
11060720,13487.0,3578.0,1681.0,760.0,1840.0,828.0,1429.0,460.0,1021.0,280.0,794.0,370.0,26.529250389263737,22.19116825041923,10.34097261039687
11060890,28796.0,11238.0,5434.0,4051.0,4250.0,3120.0,2642.0,856.0,2063.0,605.0,3585.5,730.5,39.02625364633977,31.905143263925968,6.500266951414843
11060900,18241.0,2438.0,1662.0,340.0,1617.0,338.0,1660.0,183.0,1670.0,158.0,339.0,170.5,13.365495312756975,13.90484003281378,6.9934372436423295
11060910,23947.0,4283.0,1992.0,504.0,2322.0,541.0,2801.0,514.0,2636.0,473.0,522.5,493.5,17.885330103979623,12.199392948867615,11.522297455054868
11070590,20714.0,1966.0,1896.0,118.0,1764.0,116.0,1849.0,197.0,1891.0,164.0,117.0,180.5,9.491165395384764,5.95116988809766,9.181078331637844
11070610,17014.0,2273.0,1439.0,175.0,1460.0,197.0,1897.0,265.0,1650.0,206.0,186.0,235.5,13.359586223110378,8.18301803783546,10.360756709194895
11070690,30727.0,2529.0,2798.0,135.0,2382.0,131.0,2906.0,159.0,3199.0,162.0,133.0,160.5,8.230546424968269,5.258995650454725,6.34638196915777
11080720,17718.0,3598.0,2218.0,868.0,1629.0,646.0,1665.0,318.0,1590.0,261.0,757.0,289.5,20.307032396433005,21.03946637020567,8.046136742634797
11050660,24752.0,2752.0,1981.0,220.0,2173.0,214.0,2621.0,308.0,2510.0,274.0,217.0,291.0,11.118293471234647,7.8851744186046515,10.574127906976743
11050610,20083.0,2957.0,1602.0,227.0,1702.0,271.0,2109.0,362.0,1993.0,296.0,249.0,329.0,14.723895832295971,8.420696652012175,11.126141359485965
11090630,18399.0,3751.0,1613.0,256.0,1493.0,267.0,1728.0,388.0,1569.0,313.0,261.5,350.5,20.38697755312789,6.971474273527059,9.34417488669688
11090690,24467.0,3307.0,1914.0,119.0,1760.0,134.0,2247.0,342.0,2239.0,290.0,126.5,316.0,13.516164629909674,3.825219231932265,9.555488358028425
11090720,24917.0,4872.0,1967.0,299.0,1892.0,309.0,2213.0,370.0,1989.0,299.0,304.0,334.5,19.552915680057794,6.239737274220033,6.86576354679803
11090730,23600.0,1981.0,1627.0,47.0,1421.0,44.0,2203.0,123.0,3006.0,148.0,45.5,135.5,8.39406779661017,2.2968197879858656,6.839979808177688
11090740,17474.0,2536.0,1629.0,180.0,1199.0,141.0,1418.0,171.0,1377.0,142.0,160.5,156.5,14.512990729083208,6.328864353312302,6.171135646687697
11110520,22702.0,3548.0,1900.0,145.0,1568.0,132.0,1888.0,198.0,2266.0,200.0,138.5,199.0,15.628578979825566,3.9036076662908683,5.608793686583991
11080620,14950.0,1742.0,1360.0,252.0,1232.0,239.0,1381.0,131.0,1479.0,125.0,245.5,128.0,11.652173913043478,14.092996555683124,7.347876004592423
11010570,6356.0,798.0,460.0,50.0,426.0,50.0,455.0,67.0,555.0,72.0,50.0,69.5,12.555066079295155,6.265664160401002,8.709273182957393
11010630,5037.0,2206.0,590.0,393.0,498.0,338.0,409.0,226.0,326.0,168.0,365.5,197.0,43.795910264046064,16.56844968268359,8.930190389845876
11010640,8343.0,2929.0,1159.0,493.0,1386.0,595.0,1007.0,483.0,658.0,296.0,544.0,389.5,35.10727556034999,18.572891771935815,13.298053943325366
11010670,5970.0,1566.0,427.0,88.0,565.0,118.0,528.0,141.0,426.0,135.0,103.0,138.0,26.231155778894472,6.577266922094509,8.812260536398467
11010680,9958.0,1965.0,844.0,99.0,972.0,123.0,813.0,182.0,703.0,139.0,111.0,160.5,19.73287808796947,5.648854961832061,8.167938931297709
11020600,1413.0,846.0,59.0,48.0,125.0,103.0,131.0,90.0,94.0,59.0,75.5,74.5,59.87261146496815,8.92434988179669,8.80614657210402
11120680,14044.0,2452.0,1005.0,132.0,1068.0,156.0,1276.0,288.0,1197.0,280.0,144.0,284.0,17.459413272571915,5.872756933115824,11.582381729200652
11120710,38134.0,4197.0,2693.0,516.0,2635.0,553.0,2946.0,601.0,4470.0,531.0,534.5,566.0,11.005926469816961,12.735287109840362,13.485823207052658
11120720,23696.0,4836.0,1889.0,374.0,1955.0,421.0,2210.0,493.0,1971.0,393.0,397.5,443.0,20.408507765023636,8.219602977667494,9.160463192721258
11120730,21854.0,4824.0,1687.0,316.0,1793.0,362.0,2096.0,573.0,1887.0,470.0,339.0,521.5,22.073762240322136,7.027363184079602,10.810530679933665
11130520,15648.0,2621.0,1371.0,218.0,1217.0,216.0,1481.0,222.0,1547.0,193.0,217.0,207.5,16.74974437627812,8.279282716520411,7.916825639069057
11110590,18831.0,1413.0,1860.0,54.0,1310.0,41.0,1361.0,117.0,1603.0,110.0,47.5,113.5,7.503584514895651,3.3616418966737434,8.032554847841473
11130680,24268.0,3858.0,2416.0,603.0,2115.0,516.0,1994.0,351.0,2000.0,314.0,559.5,332.5,15.89747816054063,14.502332814930016,8.618455158113012
11130690,4074.0,414.0,199.0,24.0,216.0,27.0,273.0,23.0,418.0,31.0,25.5,27.0,10.1620029455081,6.159420289855073,6.521739130434782
11140610,13379.0,2375.0,1297.0,371.0,1364.0,418.0,1391.0,252.0,1207.0,204.0,394.5,228.0,17.75170042604081,16.61052631578947,9.6
11140710,16030.0,4950.0,1411.0,682.0,2089.0,1063.0,2164.0,965.0,1666.0,688.0,872.5,826.5,30.87960074859638,17.626262626262626,16.696969696969695
11140720,17094.0,3737.0,1436.0,428.0,1664.0,540.0,2022.0,677.0,1857.0,564.0,484.0,620.5,21.861471861471863,12.951565426812953,16.604227990366603
11110720,17969.0,2119.0,1122.0,116.0,1287.0,127.0,3046.0,354.0,2603.0,267.0,121.5,310.5,11.79253158216929,5.733836715431807,14.653138272770175
11110760,28148.0,4428.0,2251.0,242.0,1946.0,202.0,2098.0,218.0,2225.0,193.0,222.0,205.5,15.731135427028564,5.013550135501355,4.6409214092140925
11150660,42174.0,4503.0,3337.0,176.0,3028.0,175.0,3876.0,389.0,4384.0,404.0,175.5,396.5,10.677194480011382,3.8974017321785475,8.80524095047746
11230530,18948.0,5653.0,1323.0,486.0,2208.0,873.0,2805.0,1374.0,2411.0,1097.0,679.5,1235.5,29.834283301667725,12.02016628338935,21.8556518662657
11160640,18656.0,8483.0,1535.0,839.0,1953.0,1654.0,2343.0,2448.0,2018.0,1531.0,1246.5,1989.5,45.47062607204116,14.694094070493929,23.452787928798774
11160670,28875.0,2166.0,2616.0,126.0,1914.0,111.0,2595.0,141.0,3580.0,133.0,118.5,137.0,7.501298701298702,5.470914127423822,6.325023084025855
11160690,17736.0,3899.0,1266.0,355.0,1883.0,519.0,2127.0,415.0,1747.0,442.0,437.0,428.5,21.983536310329274,11.208002051808156,10.989997435239806
11160700,32649.0,3541.0,2418.0,281.0,2577.0,336.0,3587.0,437.0,3928.0,422.0,308.5,429.5,10.845661429140248,8.712228184128778,12.129341993787065
11160710,20448.0,4531.0,1550.0,367.0,1903.0,506.0,2050.0,479.0,1848.0,383.0,436.5,431.0,22.158646322378715,9.63363495917016,9.5122489516663
11160720,21137.0,4098.0,1420.0,166.0,1818.0,244.0,2306.0,395.0,2204.0,341.0,205.0,368.0,19.387803377962815,5.002440214738897,8.979990239141046
11230600,14075.0,445.0,1200.0,38.0,786.0,30.0,561.0,49.0,804.0,59.0,34.0,54.0,3.161634103019538,7.640449438202247,12.134831460674157
11170510,27854.0,2403.0,1967.0,147.0,2258.0,198.0,3598.0,430.0,3627.0,384.0,172.5,407.0,8.62712716306455,7.178526841448189,16.937161880982103
11170520,17485.0,2301.0,1317.0,211.0,1618.0,285.0,2401.0,339.0,2244.0,301.0,248.0,320.0,13.159851301115241,10.777922642329422,13.906996957844415
11170540,23596.0,8532.0,1508.0,849.0,3515.0,2116.0,3943.0,2038.0,2968.0,1416.0,1482.5,1727.0,36.158670961179865,17.375761837787156,20.24144397562119
11170550,26109.0,5345.0,1533.0,334.0,2366.0,594.0,2910.0,718.0,2515.0,556.0,464.0,637.0,20.47186793825884,8.681010289990645,11.917680074836296
11170610,20474.0,2062.0,1783.0,129.0,1719.0,131.0,1896.0,173.0,1898.0,150.0,130.0,161.5,10.071309954088111,6.304558680892337,7.832201745877788
11170620,24117.0,2954.0,2131.0,133.0,1799.0,123.0,2034.0,222.0,2490.0,248.0,128.0,235.0,12.248621304474023,4.333107650643195,7.955314827352742
11180570,31151.0,5362.0,2300.0,376.0,2618.0,478.0,3083.0,599.0,3064.0,515.0,427.0,557.0,17.212930564026838,7.963446475195822,10.387914957105558
11130720,29334.0,4121.0,2508.0,368.0,2276.0,393.0,2751.0,506.0,2804.0,412.0,380.5,459.0,14.048544351264743,9.233195826255763,11.138073283183694
11130730,16089.0,3097.0,1619.0,505.0,1532.0,464.0,1502.0,356.0,1387.0,283.0,484.5,319.5,19.249176455963703,15.644171779141105,10.316435259928964
11130740,8285.0,1480.0,750.0,148.0,753.0,156.0,772.0,116.0,740.0,130.0,152.0,123.0,17.863608931804468,10.27027027027027,8.31081081081081
11130750,22500.0,10781.0,7128.0,4159.0,5015.0,2884.0,2431.0,1466.0,1361.0,754.0,3521.5,1110.0,47.91555555555556,32.66394583062795,10.295890919209722
11180610,18697.0,3495.0,1468.0,103.0,1421.0,117.0,1588.0,256.0,1489.0,206.0,110.0,231.0,18.692838423276463,3.1473533619456364,6.609442060085836
11150540,20450.0,2221.0,2099.0,155.0,1506.0,123.0,1570.0,292.0,1637.0,267.0,139.0,279.5,10.860635696821516,6.2584421431787485,12.584421431787481
11190560,29006.0,7085.0,2557.0,1037.0,4014.0,1794.0,4253.0,1442.0,3058.0,1072.0,1415.5,1257.0,24.425980831552092,19.978828510938605,17.741707833450953
11190610,13816.0,3461.0,868.0,325.0,1369.0,578.0,2081.0,659.0,1874.0,540.0,451.5,599.5,25.050665894614937,13.045362611961862,17.321583357411154
11190620,17164.0,3153.0,1317.0,339.0,1866.0,569.0,2401.0,686.0,1972.0,503.0,454.0,594.5,18.36984385924027,14.398985093561686,18.855058674278467
11190630,19749.0,7803.0,1539.0,723.0,2098.0,1277.0,2114.0,1514.0,1727.0,853.0,1000.0,1183.5,39.51086130943339,12.815583749839805,15.16724336793541
11190680,19987.0,3824.0,1499.0,423.0,1814.0,561.0,2002.0,555.0,1850.0,465.0,492.0,510.0,19.132436083454245,12.866108786610878,13.336820083682008
11190690,11742.0,1288.0,1059.0,142.0,1083.0,155.0,1199.0,162.0,1203.0,139.0,148.5,150.5,10.969170499063193,11.529503105590063,11.684782608695652
11140700,16227.0,2455.0,1281.0,243.0,1390.0,301.0,1832.0,338.0,1861.0,307.0,272.0,322.5,15.129105811302152,11.079429735234216,13.136456211812627
11190720,27148.0,4047.0,1805.0,188.0,2517.0,300.0,2849.0,436.0,2467.0,335.0,244.0,385.5,14.90717548254015,6.029157400543612,9.525574499629355
11190730,22642.0,2997.0,1570.0,233.0,1988.0,327.0,2322.0,369.0,2268.0,238.0,280.0,303.5,13.236463209963784,9.342676009342677,10.126793460126793
11190740,16870.0,7169.0,1167.0,769.0,2417.0,1686.0,2391.0,1392.0,1660.0,881.0,1227.5,1136.5,42.495554238292826,17.122332263914075,15.85297810015344
11190750,20507.0,4767.0,1290.0,325.0,2140.0,614.0,2554.0,738.0,2036.0,518.0,469.5,628.0,23.245720973326183,9.848961611076149,13.173903922802602
11190760,24175.0,3285.0,1486.0,223.0,1881.0,331.0,3080.0,520.0,3229.0,568.0,277.0,544.0,13.58841778697001,8.432267884322679,16.560121765601217
11200520,13554.0,3850.0,1073.0,325.0,1481.0,525.0,1491.0,603.0,936.0,355.0,425.0,479.0,28.40489892282721,11.03896103896104,12.44155844155844
11200530,40211.0,10854.0,5468.0,4050.0,5296.0,2705.0,4392.0,944.0,4026.0,718.0,3377.5,831.0,26.992613961353857,31.117560346416067,7.65616362631288
11200540,20490.0,3538.0,1784.0,540.0,2212.0,702.0,2489.0,478.0,2110.0,361.0,621.0,419.5,17.266959492435337,17.552289429055964,11.856981345392878
11200550,20687.0,4283.0,1701.0,546.0,2038.0,715.0,2393.0,657.0,2179.0,559.0,630.5,608.0,20.703823657369362,14.720989960308195,14.19565724959141
11200560,24207.0,4433.0,1982.0,476.0,2331.0,597.0,2819.0,714.0,2463.0,559.0,536.5,636.5,18.312884702771925,12.102413715316942,14.358222422738551
11200680,31122.0,6152.0,3168.0,984.0,2952.0,1014.0,2899.0,911.0,2916.0,799.0,999.0,855.0,19.767367135788188,16.238621586475944,13.897919375812744
11200700,16655.0,3464.0,1198.0,458.0,1579.0,668.0,1870.0,540.0,1827.0,464.0,563.0,502.0,20.798558991293906,16.252886836027713,14.491916859122403
11200710,31818.0,5111.0,5545.0,1395.0,3562.0,918.0,2824.0,425.0,2634.0,342.0,1156.5,383.5,16.06323464705513,22.62766581882215,7.503423987477989
11200720,30881.0,6040.0,2405.0,870.0,4156.0,1287.0,4665.0,945.0,2926.0,522.0,1078.5,733.5,19.558952106473235,17.85596026490066,12.144039735099337
11200730,25082.0,3297.0,1818.0,242.0,2282.0,332.0,3036.0,470.0,2673.0,364.0,287.0,417.0,13.144884777928395,8.70488322717622,12.647861692447679
11210520,21768.0,5405.0,1747.0,745.0,2270.0,983.0,2651.0,893.0,2146.0,650.0,864.0,771.5,24.830025725836087,15.985198889916743,14.27382053654024
11160540,28698.0,5389.0,2639.0,160.0,2499.0,174.0,2821.0,456.0,2241.0,318.0,167.0,387.0,18.77831207749669,3.098905177212841,7.181295231026165
11210820,20087.0,3275.0,1420.0,96.0,1501.0,112.0,1619.0,261.0,1623.0,240.0,104.0,250.5,16.304077263902027,3.17557251908397,7.64885496183206
11210830,27639.0,4662.0,2298.0,473.0,2493.0,565.0,2674.0,566.0,2589.0,503.0,519.0,534.5,16.867469879518072,11.132561132561133,11.465036465036466
11220660,35002.0,5290.0,2445.0,358.0,2805.0,469.0,4167.0,879.0,4607.0,832.0,413.5,855.5,15.113422090166276,7.81663516068053,16.17202268431002
11220670,18801.0,4389.0,1268.0,325.0,2052.0,595.0,2644.0,833.0,2249.0,639.0,460.0,736.0,23.34450295197064,10.480747322852586,16.769195716564138
11220680,13355.0,1556.0,934.0,113.0,942.0,127.0,1682.0,193.0,1750.0,181.0,120.0,187.0,11.65106701609884,7.712082262210797,12.017994858611825
11230760,30419.0,4856.0,2223.0,384.0,2261.0,441.0,3690.0,862.0,4101.0,846.0,412.5,854.0,15.963706893717742,8.494645799011533,17.58649093904448
11180510,21956.0,9935.0,1395.0,1011.0,3281.0,2554.0,3028.0,2030.0,2049.0,1178.0,1782.5,1604.0,45.24959008926945,17.94162053346754,16.144942123804732
11240810,26984.0,3259.0,2366.0,176.0,2095.0,161.0,2853.0,375.0,3126.0,373.0,168.5,374.0,12.077527423658465,5.170297637312059,11.475912856704511
11240820,11284.0,1133.0,651.0,70.0,639.0,56.0,863.0,58.0,1464.0,88.0,63.0,73.0,10.040765685926976,5.560458958517211,6.44307149161518
11220520,16066.0,3678.0,1086.0,358.0,1508.0,546.0,2058.0,769.0,1905.0,636.0,452.0,702.5,22.893066102327897,12.289287656334965,19.10005437737901
11210660,22032.0,9000.0,2323.0,1475.0,3492.0,2235.0,3273.0,1770.0,2155.0,1071.0,1855.0,1420.5,40.849673202614376,20.61111111111111,15.783333333333333
11210680,23728.0,8335.0,1872.0,1127.0,2974.0,1864.0,2855.0,1459.0,2164.0,982.0,1495.5,1220.5,35.12727579231288,17.94241151769646,14.643071385722855
11220560,8653.0,662.0,614.0,41.0,412.0,36.0,452.0,87.0,636.0,123.0,38.5,105.0,7.650525829192188,5.81570996978852,15.861027190332328
11240590,14286.0,598.0,1691.0,70.0,972.0,42.0,802.0,59.0,857.0,55.0,56.0,57.0,4.185916281674366,9.364548494983277,9.531772575250837
11230520,21391.0,9257.0,1623.0,892.0,3167.0,1758.0,3795.0,2277.0,2769.0,1565.0,1325.0,1921.0,43.275209200130895,14.31349249216809,20.751863454682944
11150600,15090.0,1282.0,1152.0,54.0,1069.0,56.0,1620.0,110.0,1854.0,110.0,55.0,110.0,8.495692511597085,4.290171606864274,8.580343213728549
11080630,19034.0,2012.0,1650.0,209.0,1501.0,202.0,1774.0,185.0,1810.0,167.0,205.5,176.0,10.570557948933487,10.213717693836978,8.747514910536779
11080640,15724.0,3465.0,3036.0,1221.0,1791.0,715.0,1324.0,231.0,980.0,148.0,968.0,189.5,22.036377512083437,27.936507936507937,5.4689754689754695
11080780,11466.0,1436.0,945.0,163.0,832.0,155.0,884.0,83.0,926.0,78.0,159.0,80.5,12.523983952555382,11.07242339832869,5.605849582172702
11010690,6318.0,1014.0,571.0,80.0,572.0,88.0,582.0,110.0,513.0,91.0,84.0,100.5,16.049382716049383,8.284023668639055,9.911242603550296
11010700,6028.0,1452.0,510.0,104.0,531.0,118.0,629.0,218.0,527.0,170.0,111.0,194.0,24.087591240875913,7.644628099173553,13.360881542699724
11010710,8835.0,3369.0,768.0,440.0,1044.0,624.0,1005.0,493.0,739.0,324.0,532.0,408.5,38.13242784380306,15.79103591570199,12.125259720985456
11010720,10783.0,1686.0,844.0,140.0,835.0,158.0,1002.0,234.0,1106.0,230.0,149.0,232.0,15.635722897152926,8.837485172004746,13.76037959667853
11010730,18870.0,7012.0,3782.0,2476.0,3344.0,2139.0,1863.0,655.0,1336.0,423.0,2307.5,539.0,37.1595124536301,32.907872219053054,7.686822589845978
11020520,1579.0,714.0,57.0,31.0,152.0,91.0,200.0,105.0,183.0,91.0,61.0,98.0,45.21849271690944,8.543417366946779,13.725490196078432
11020540,4633.0,1358.0,232.0,67.0,396.0,121.0,358.0,146.0,364.0,136.0,94.0,141.0,29.311461256205483,6.9219440353460975,10.382916053019146
11020550,3464.0,1903.0,211.0,224.0,302.0,270.0,306.0,241.0,276.0,191.0,247.0,216.0,54.93648960739031,12.979506043089858,11.350499211770888
11020570,4385.0,1884.0,762.0,415.0,578.0,310.0,459.0,209.0,300.0,124.0,362.5,166.5,42.96465222348917,19.240976645435246,8.837579617834395
11020650,8572.0,2101.0,681.0,216.0,693.0,234.0,819.0,251.0,858.0,237.0,225.0,244.0,24.510032664489035,10.70918610185626,11.613517372679677
11030690,10526.0,1554.0,845.0,132.0,703.0,141.0,777.0,179.0,908.0,167.0,136.5,173.0,14.7634429032871,8.783783783783784,11.132561132561133
11030700,14278.0,4108.0,1156.0,343.0,1420.0,457.0,1507.0,596.0,1305.0,479.0,400.0,537.5,28.77153662978008,9.737098344693282,13.084225900681599
11030710,18720.0,5899.0,2613.0,1271.0,2269.0,1130.0,1990.0,792.0,1551.0,563.0,1200.5,677.5,31.511752136752136,20.35090693337854,11.484997457196135
11030720,11314.0,2391.0,854.0,256.0,1187.0,410.0,1584.0,417.0,1405.0,333.0,333.0,375.0,21.133109421955098,13.927227101631118,15.683814303638647
11030730,13439.0,3666.0,1002.0,287.0,1223.0,394.0,1552.0,748.0,1471.0,660.0,340.5,704.0,27.278815388049704,9.288052373158756,19.203491543917075
11020670,11083.0,3306.0,772.0,352.0,1217.0,599.0,1429.0,487.0,1173.0,362.0,475.5,424.5,29.829468555445278,14.382940108892923,12.840290381125227
11020690,10606.0,4053.0,706.0,318.0,901.0,399.0,1431.0,631.0,1388.0,569.0,358.5,600.0,38.2142183669621,8.845299777942264,14.803849000740193
11020700,13050.0,2597.0,1137.0,318.0,1292.0,392.0,1499.0,398.0,1168.0,277.0,355.0,337.5,19.90038314176245,13.66961879091259,12.995764343473237
11020710,15327.0,2493.0,1042.0,145.0,1204.0,200.0,1502.0,209.0,1476.0,185.0,172.5,197.0,16.26541397533764,6.919374247894103,7.902125952667468
11150640,13301.0,911.0,1151.0,43.0,842.0,35.0,813.0,65.0,1007.0,69.0,39.0,67.0,6.849109089542139,4.281009879253568,7.354555433589462
11020720,12586.0,2129.0,985.0,174.0,1106.0,211.0,1335.0,230.0,1139.0,175.0,192.5,202.5,16.915620530748452,9.041803663691875,9.511507750117426
11150720,29700.0,5832.0,2444.0,526.0,2672.0,633.0,3680.0,900.0,3045.0,652.0,579.5,776.0,19.636363636363637,9.93655692729767,13.305898491083676
11020730,9084.0,1005.0,800.0,72.0,727.0,72.0,815.0,111.0,856.0,104.0,72.0,107.5,11.063408190224571,7.164179104477612,10.696517412935323
11030630,19439.0,1501.0,1125.0,45.0,1185.0,51.0,1663.0,78.0,2224.0,93.0,48.0,85.5,7.721590616801276,3.1978680879413726,5.69620253164557
11030640,7537.0,1135.0,463.0,76.0,562.0,95.0,815.0,129.0,727.0,106.0,85.5,117.5,15.059042059174738,7.533039647577093,10.352422907488986
11030660,8750.0,2510.0,536.0,217.0,900.0,386.0,1130.0,418.0,941.0,313.0,301.5,365.5,28.685714285714287,12.011952191235059,14.561752988047807
11040560,11940.0,2096.0,1196.0,289.0,1354.0,343.0,1155.0,225.0,1126.0,175.0,316.0,200.0,17.554438860971526,15.076335877862595,9.541984732824428
11040570,19707.0,1934.0,1436.0,67.0,1369.0,72.0,2044.0,186.0,2376.0,189.0,69.5,187.5,9.81377175622875,3.59358841778697,9.69493278179938
11040580,12752.0,1259.0,863.0,63.0,836.0,66.0,1218.0,142.0,1455.0,151.0,64.5,146.5,9.872961104140526,5.123113582208102,11.636219221604447
11040660,14446.0,3138.0,1121.0,356.0,1645.0,586.0,1836.0,535.0,1555.0,419.0,471.0,477.0,21.722276062577876,15.009560229445507,15.200764818355642
11040680,10478.0,2367.0,802.0,255.0,1116.0,394.0,1270.0,383.0,966.0,260.0,324.5,321.5,22.590188967360184,13.709336713138995,13.582594000844953
11040710,18776.0,3430.0,1743.0,369.0,1831.0,425.0,2013.0,482.0,1969.0,391.0,397.0,436.5,18.268001704303366,11.574344023323615,12.725947521865887
11140740,24019.0,3824.0,1734.0,505.0,1837.0,580.0,2339.0,514.0,3045.0,571.0,542.5,542.5,15.92072942254049,14.186715481171547,14.186715481171547
11140770,31393.0,6151.0,2548.0,669.0,3055.0,867.0,3606.0,872.0,2965.0,626.0,768.0,749.0,19.593539961137832,12.485774670785238,12.176881807836125
11180520,28770.0,7417.0,2101.0,830.0,3401.0,1458.0,3627.0,1292.0,2837.0,905.0,1144.0,1098.5,25.780326729231838,15.424025886477013,14.810570311446677
11040720,18006.0,2511.0,1316.0,129.0,1396.0,152.0,2083.0,331.0,2060.0,300.0,140.5,315.5,13.945351549483506,5.595380326563122,12.564715252887297
11050530,25474.0,15046.0,6256.0,4795.0,5894.0,4437.0,3301.0,2280.0,1758.0,1149.0,4616.0,1714.5,59.0641438329277,30.67925029908281,11.395055164163233
11050540,20354.0,6919.0,3344.0,1692.0,2952.0,1505.0,2497.0,1005.0,1730.0,625.0,1598.5,815.0,33.993318266679765,23.10304957363781,11.779158837982367
11160520,18449.0,5212.0,1528.0,584.0,2480.0,1049.0,2758.0,1140.0,1978.0,740.0,816.5,940.0,28.25085370480785,15.66577129700691,18.035303146584805
11050550,13662.0,3335.0,1048.0,284.0,1496.0,442.0,1762.0,533.0,1320.0,355.0,363.0,444.0,24.410774410774412,10.88455772113943,13.313343328335833
11110730,17922.0,1961.0,1430.0,79.0,1305.0,84.0,1824.0,181.0,1818.0,159.0,81.5,170.0,10.941859167503628,4.156042835288119,8.669046404895461
11050560,18270.0,3847.0,1634.0,395.0,1935.0,533.0,2311.0,687.0,1700.0,445.0,464.0,566.0,21.056376573617953,12.06134650376917,14.71276319209774
11110610,20050.0,1191.0,2108.0,86.0,1132.0,50.0,707.0,55.0,1242.0,86.0,68.0,70.5,5.940149625935162,5.7094878253568435,5.919395465994962
11050570,14670.0,3613.0,1235.0,267.0,1447.0,359.0,1640.0,483.0,1317.0,354.0,313.0,418.5,24.628493524199047,8.663160808192638,11.583171879324661
11050580,25371.0,3868.0,2201.0,250.0,2186.0,282.0,2677.0,466.0,2331.0,363.0,266.0,414.5,15.245753025107406,6.876938986556359,10.716132368148914
11050590,10202.0,4209.0,780.0,463.0,1479.0,933.0,1734.0,944.0,1165.0,600.0,698.0,772.0,41.256616349735346,16.58351152292706,18.341648847707294
11050600,19689.0,6432.0,1709.0,727.0,2520.0,1162.0,2684.0,1235.0,1979.0,830.0,944.5,1032.5,32.66798720097516,14.684390547263682,16.05254975124378
11050620,23345.0,3279.0,2000.0,357.0,2267.0,448.0,2561.0,567.0,2246.0,436.0,402.5,501.5,14.045834225744272,12.275083867032633,15.29429704178103
11240710,25229.0,7544.0,2020.0,683.0,2970.0,1203.0,3609.0,1708.0,2873.0,1275.0,943.0,1491.5,29.902096793372706,12.5,19.77067868504772
11050630,25975.0,1407.0,2284.0,83.0,1833.0,74.0,1953.0,127.0,2557.0,145.0,78.5,136.0,5.4167468719922995,5.579246624022743,9.66595593461265
11050640,19986.0,4993.0,1750.0,620.0,2192.0,799.0,2415.0,808.0,1948.0,581.0,709.5,694.5,24.982487741418993,14.20989385139195,13.909473262567595
11050650,21421.0,3286.0,1774.0,255.0,1928.0,310.0,2461.0,536.0,2291.0,453.0,282.5,494.5,15.340086830680175,8.597078514911747,15.048691418137553
11240750,22425.0,1222.0,1465.0,76.0,1785.0,100.0,2671.0,135.0,2997.0,133.0,88.0,134.0,5.449275362318841,7.201309328968904,10.965630114566286
11050670,24930.0,6053.0,1966.0,549.0,2625.0,798.0,2501.0,676.0,1960.0,470.0,673.5,573.0,24.279983955074208,11.126714026102759,9.466380307285643
11240770,13341.0,792.0,1068.0,52.0,1140.0,63.0,1344.0,95.0,1124.0,66.0,57.5,80.5,5.936586462783899,7.2601010101010095,10.164141414141415
11060710,12278.0,5651.0,3430.0,2309.0,2194.0,1450.0,1233.0,548.0,853.0,343.0,1879.5,445.5,46.02541130477276,33.25960007078393,7.883560431781985
11060730,20919.0,4946.0,2621.0,1419.0,2398.0,1269.0,1898.0,448.0,1867.0,381.0,1344.0,414.5,23.643577608872317,27.17347351395067,8.380509502628385
11060800,19500.0,3489.0,1366.0,150.0,1593.0,195.0,1590.0,235.0,1451.0,192.0,172.5,213.5,17.892307692307693,4.944110060189166,6.119231871596446
11060810,25607.0,8090.0,2244.0,1111.0,2725.0,1394.0,2780.0,1058.0,2214.0,827.0,1252.5,942.5,31.592923809895733,15.482076637824473,11.650185414091471
11060820,23694.0,6240.0,2551.0,1094.0,2619.0,1126.0,2305.0,555.0,1819.0,384.0,1110.0,469.5,26.335781210433023,17.78846153846154,7.524038461538461
11060830,24490.0,5428.0,2827.0,873.0,2188.0,864.0,2171.0,437.0,2039.0,327.0,868.5,382.0,22.164148632094733,16.000368459837876,7.037582903463522
11060840,17185.0,1801.0,1732.0,149.0,1391.0,125.0,1453.0,118.0,1576.0,111.0,137.0,114.5,10.480069828338667,7.606885063853415,6.3575791227096055
11060860,21485.0,2901.0,1663.0,141.0,1437.0,131.0,1797.0,259.0,2004.0,254.0,136.0,256.5,13.502443565278103,4.688038607376767,8.841778697001034
11240780,7699.0,520.0,589.0,43.0,457.0,37.0,584.0,78.0,571.0,68.0,40.0,73.0,6.7541239121963885,7.6923076923076925,14.038461538461538
11060870,29898.0,4935.0,2087.0,428.0,2623.0,614.0,3331.0,654.0,3342.0,587.0,521.0,620.5,16.50612081075657,10.55724417426545,12.573454913880447
11060880,25005.0,3170.0,1804.0,159.0,1844.0,181.0,2535.0,368.0,2842.0,370.0,170.0,369.0,12.677464507098579,5.3627760252365935,11.6403785488959
11070520,22143.0,4157.0,1841.0,189.0,1839.0,210.0,2143.0,408.0,2077.0,353.0,199.5,380.5,18.773427268211172,4.799133990858792,9.15323550637479
11070540,18016.0,2954.0,1491.0,200.0,1659.0,239.0,1767.0,339.0,1790.0,313.0,219.5,326.0,16.396536412078152,7.430602572782667,11.03588354773189
11240790,23356.0,1173.0,1423.0,53.0,1334.0,56.0,2066.0,168.0,3278.0,234.0,54.5,201.0,5.02226408631615,4.646206308610401,17.135549872122763
11070550,9649.0,1884.0,773.0,115.0,803.0,127.0,931.0,186.0,833.0,155.0,121.0,170.5,19.525339413410716,6.4225053078556265,9.049893842887473
11070570,19821.0,3723.0,1539.0,231.0,1815.0,292.0,2054.0,413.0,1743.0,328.0,261.5,370.5,18.783108823974572,7.023905452591996,9.951651893634166
11070600,15604.0,5069.0,1263.0,482.0,1750.0,733.0,2023.0,863.0,1392.0,543.0,607.5,703.0,32.48526018969495,11.984612349575853,13.86861313868613
11070620,24373.0,6458.0,1900.0,343.0,2032.0,391.0,2229.0,595.0,1964.0,473.0,367.0,534.0,26.49653304886555,5.682873954784763,8.26881387426448
11070640,27424.0,3464.0,2273.0,311.0,2366.0,363.0,2830.0,448.0,2654.0,368.0,337.0,408.0,12.63127187864644,9.72863741339492,11.778290993071593
11070650,16048.0,3220.0,1286.0,277.0,1428.0,342.0,1712.0,440.0,1540.0,345.0,309.5,392.5,20.06480558325025,9.611801242236025,12.18944099378882
11110560,36743.0,4998.0,5645.0,1370.0,3256.0,894.0,3221.0,293.0,3430.0,327.0,1132.0,310.0,13.602590969708517,22.649059623849542,6.202480992396959
11070680,14872.0,2836.0,1241.0,136.0,1197.0,148.0,1366.0,211.0,1237.0,167.0,142.0,189.0,19.069392146315224,5.007052186177715,6.664315937940761
11070700,19711.0,2377.0,1494.0,87.0,1434.0,82.0,1977.0,200.0,2113.0,183.0,84.5,191.5,12.059256252853737,3.55490113588557,8.056373580143038
11070710,30097.0,6674.0,2530.0,475.0,2823.0,610.0,3219.0,805.0,2734.0,616.0,542.5,710.5,22.17496760474466,8.128558585555888,10.645789631405455
11070720,23640.0,4933.0,2104.0,343.0,2089.0,371.0,2410.0,589.0,1936.0,418.0,357.0,503.5,20.867174280879862,7.236975471315629,10.206770727751875
11070730,27317.0,5257.0,2282.0,364.0,2326.0,415.0,2580.0,488.0,2350.0,394.0,389.5,441.0,19.24442654757111,7.409168727411071,8.388814913448735
11080580,13461.0,1605.0,1187.0,122.0,1183.0,130.0,1192.0,144.0,1141.0,124.0,126.0,134.0,11.923334076220192,7.850467289719626,8.348909657320872
11080590,17410.0,1168.0,1324.0,50.0,1257.0,53.0,1431.0,90.0,1759.0,100.0,51.5,95.0,6.708788052843194,4.409246575342466,8.133561643835616
11080600,16948.0,7932.0,4517.0,3285.0,2946.0,2136.0,1577.0,690.0,955.0,371.0,2710.5,530.5,46.80198253481237,34.17170953101362,6.6880988401412
11080610,12388.0,2967.0,1119.0,413.0,1331.0,520.0,1338.0,336.0,1082.0,238.0,466.5,287.0,23.950597352276397,15.722952477249747,9.673070441523423
11080680,13243.0,1700.0,1117.0,138.0,1032.0,129.0,1209.0,144.0,1230.0,132.0,133.5,138.0,12.836970474967908,7.852941176470589,8.117647058823529
11110790,31716.0,7155.0,3531.0,1560.0,3264.0,1444.0,3384.0,666.0,3021.0,516.0,1502.0,591.0,22.55959137343927,20.992313067784764,8.259958071278826
11080710,21673.0,2198.0,1526.0,142.0,1508.0,149.0,2004.0,153.0,2439.0,161.0,145.5,157.0,10.141650902044018,6.619654231119199,7.142857142857142
11080760,18650.0,2652.0,1615.0,195.0,1450.0,194.0,1507.0,207.0,1503.0,178.0,194.5,192.5,14.219839142091153,7.334087481146305,7.258672699849171
11080770,16887.0,2901.0,1428.0,223.0,1271.0,224.0,1463.0,242.0,1373.0,196.0,223.5,219.0,17.178895007994317,7.704239917269907,7.549120992761117
11120520,33537.0,4973.0,2561.0,338.0,2656.0,400.0,3396.0,536.0,3411.0,480.0,369.0,508.0,14.828398485255093,7.420068369193646,10.215161874120248
11080840,34007.0,5885.0,3608.0,1142.0,3254.0,962.0,3152.0,450.0,3241.0,405.0,1052.0,427.5,17.30526068162437,17.875955819881053,7.264231096006797
11080850,29733.0,5066.0,2893.0,692.0,2656.0,661.0,2821.0,447.0,2621.0,365.0,676.5,406.0,17.03830760434534,13.353730754046586,8.014212396367943
11090600,17021.0,4858.0,1439.0,508.0,1602.0,581.0,1728.0,643.0,1610.0,547.0,544.5,595.0,28.541213794724165,11.208316179497736,12.247838616714697
11090610,15171.0,2435.0,1232.0,96.0,1038.0,86.0,1334.0,184.0,1314.0,157.0,91.0,170.5,16.050359238019908,3.7371663244353184,7.002053388090348
11090620,16236.0,2281.0,1160.0,55.0,987.0,52.0,1233.0,98.0,1597.0,113.0,53.5,105.5,14.049026853904904,2.3454625164401577,4.625164401578255
11090640,18266.0,2573.0,1451.0,148.0,1301.0,138.0,1547.0,209.0,1529.0,178.0,143.0,193.5,14.086280521186906,5.557714729887291,7.5204041974349005
11090650,20082.0,5461.0,1707.0,619.0,1940.0,718.0,2140.0,652.0,1698.0,470.0,668.5,561.0,27.193506622846332,12.24134773850943,10.272843801501557
11090710,25904.0,5110.0,2050.0,461.0,2180.0,519.0,2372.0,506.0,2216.0,425.0,490.0,465.5,19.726683137739347,9.58904109589041,9.10958904109589
11100510,18565.0,2469.0,2266.0,287.0,1426.0,182.0,1433.0,194.0,1494.0,183.0,234.5,188.5,13.299218960409373,9.497772377480763,7.634669906844876
11100520,17120.0,2684.0,1553.0,181.0,1375.0,173.0,1603.0,226.0,1507.0,189.0,177.0,207.5,15.677570093457943,6.594634873323398,7.730998509687034
11100530,14981.0,2978.0,1359.0,341.0,1370.0,374.0,1513.0,320.0,1363.0,261.0,357.5,290.5,19.878512782858287,12.004701141705842,9.754869039623909
11100540,16160.0,1313.0,1474.0,75.0,1342.0,73.0,1322.0,114.0,1221.0,93.0,74.0,103.5,8.125,5.635948210205636,7.882711348057883
11100550,25523.0,3631.0,2232.0,205.0,2083.0,199.0,2091.0,321.0,2002.0,267.0,202.0,294.0,14.226384045762646,5.5632057284494625,8.096942990911595
11100560,17891.0,2752.0,1538.0,88.0,1297.0,81.0,1428.0,159.0,1417.0,144.0,84.5,151.5,15.382035660387904,3.0704941860465116,5.505087209302325
11100570,23479.0,1614.0,1991.0,43.0,1942.0,45.0,1773.0,94.0,1855.0,91.0,44.0,92.5,6.874228033561907,2.7261462205700124,5.731102850061958
11100590,20393.0,3032.0,1565.0,180.0,1547.0,197.0,1973.0,267.0,1929.0,223.0,188.5,245.0,14.867846810179962,6.217018469656992,8.080474934036939
11100600,24839.0,3115.0,2146.0,173.0,2128.0,187.0,2526.0,312.0,2386.0,262.0,180.0,287.0,12.540762510568056,5.778491171749598,9.213483146067416
11100610,12626.0,2143.0,1080.0,115.0,905.0,102.0,1085.0,179.0,1148.0,165.0,108.5,172.0,16.972913036591162,5.062995800279981,8.026131591227252
11100620,24058.0,2185.0,2049.0,82.0,1866.0,78.0,2126.0,247.0,2228.0,209.0,80.0,228.0,9.082217973231357,3.6613272311212817,10.434782608695652
11100630,21117.0,2254.0,1816.0,137.0,1821.0,147.0,2159.0,264.0,1898.0,205.0,142.0,234.5,10.673864658805702,6.299911268855368,10.403726708074535
11130700,24400.0,3547.0,3081.0,683.0,2159.0,528.0,1980.0,222.0,1967.0,220.0,605.5,221.0,14.53688524590164,17.070764025937414,6.230617423174514
11130710,13478.0,1241.0,1021.0,75.0,1006.0,84.0,1353.0,134.0,1515.0,131.0,79.5,132.5,9.20759756640451,6.406124093473006,10.676873489121675
11100640,19218.0,3388.0,1490.0,126.0,1387.0,129.0,1511.0,240.0,1404.0,194.0,127.5,217.0,17.629305859090437,3.7632821723730814,6.40495867768595
11100650,23888.0,2815.0,1630.0,98.0,1728.0,117.0,2136.0,240.0,2225.0,224.0,107.5,232.0,11.784159410582719,3.818827708703375,8.241563055062166
11110510,19007.0,3151.0,2438.0,780.0,1917.0,598.0,1672.0,183.0,1780.0,171.0,689.0,177.0,16.57810280423002,21.866074262139005,5.61726436052047
11110530,27707.0,3659.0,1887.0,98.0,2052.0,114.0,3037.0,302.0,3240.0,308.0,106.0,305.0,13.20604901288483,2.896966384257994,8.335610822629134
11110580,23175.0,3278.0,2431.0,207.0,1950.0,178.0,1534.0,234.0,1532.0,209.0,192.5,221.5,14.1445523193096,5.87248322147651,6.7571690054911535
11110600,19801.0,1348.0,2161.0,82.0,1215.0,50.0,877.0,88.0,1205.0,112.0,66.0,100.0,6.807736982980657,4.896142433234421,7.418397626112759
11110640,17349.0,2273.0,1580.0,103.0,1168.0,81.0,1201.0,144.0,1415.0,145.0,92.0,144.5,13.10161968989567,4.047514298284206,6.357237131544215
11110650,34668.0,3709.0,3007.0,151.0,2785.0,178.0,3216.0,324.0,3040.0,253.0,164.5,288.5,10.698626975885544,4.435157724454031,7.778376921002966
11110660,17708.0,2396.0,1844.0,267.0,1642.0,259.0,1428.0,236.0,1338.0,194.0,263.0,215.0,13.530607634967245,10.976627712854759,8.973288814691152
11110690,20280.0,3239.0,1921.0,212.0,1594.0,190.0,1645.0,241.0,1625.0,210.0,201.0,225.5,15.971400394477318,6.205619018215498,6.962025316455696
11110780,31277.0,4460.0,2425.0,89.0,2048.0,82.0,2685.0,296.0,3111.0,312.0,85.5,304.0,14.259679636793809,1.9170403587443947,6.816143497757847
11110740,15218.0,1785.0,1366.0,102.0,1277.0,99.0,1796.0,206.0,1520.0,155.0,100.5,180.5,11.729530818767248,5.630252100840337,10.11204481792717
11110770,27253.0,3909.0,2334.0,218.0,2203.0,227.0,2912.0,466.0,2903.0,417.0,222.5,441.5,14.34337504127986,5.691992837042722,11.29444870810949
11120510,25851.0,4290.0,1783.0,247.0,2129.0,316.0,2681.0,485.0,2630.0,423.0,281.5,454.0,16.59510270395729,6.561771561771562,10.582750582750583
11120550,19790.0,3579.0,1709.0,318.0,1758.0,343.0,1911.0,411.0,1618.0,309.0,330.5,360.0,18.08489135927236,9.234423023190836,10.05867560771165
11120560,23723.0,3225.0,1997.0,252.0,1964.0,242.0,2425.0,380.0,2364.0,331.0,247.0,355.5,13.594402057075412,7.65891472868217,11.023255813953488
11120570,26803.0,2981.0,2254.0,150.0,1930.0,154.0,2419.0,281.0,2340.0,246.0,152.0,263.5,11.121889340745438,5.0989600805098965,8.839315665883932
11120580,26675.0,6822.0,2093.0,649.0,2574.0,849.0,3035.0,966.0,2641.0,743.0,749.0,854.5,25.574507966260544,10.97918498973908,12.525652301377896
11120590,25463.0,4971.0,1911.0,477.0,2104.0,608.0,2729.0,690.0,2716.0,682.0,542.5,686.0,19.522444330990062,10.913297123315228,13.80004023335345
11120600,18024.0,2071.0,1262.0,84.0,1203.0,85.0,1786.0,182.0,2175.0,201.0,84.5,191.5,11.49023524189969,4.080154514727185,9.246740704973442
11120650,22303.0,3057.0,1841.0,263.0,1883.0,299.0,2351.0,377.0,2281.0,318.0,281.0,347.5,13.706676231897056,9.19201831861302,11.36735361465489
11230630,16874.0,5076.0,1624.0,475.0,1798.0,611.0,2125.0,1175.0,1778.0,927.0,543.0,1051.0,30.081782624155508,10.69739952718676,20.70527974783294
11120660,17288.0,2231.0,1405.0,125.0,1318.0,132.0,1667.0,293.0,1563.0,226.0,128.5,259.5,12.904905136510875,5.759748991483639,11.631555356342448
11120670,15663.0,2030.0,1128.0,95.0,1221.0,119.0,1558.0,266.0,1440.0,219.0,107.0,242.5,12.960480112366724,5.2709359605911335,11.945812807881774
11120740,38666.0,5731.0,3120.0,419.0,3086.0,458.0,4162.0,754.0,4228.0,688.0,438.5,721.0,14.82180727253918,7.651369743500262,12.580701448263829
11130620,19511.0,2813.0,1701.0,255.0,1536.0,242.0,1784.0,245.0,1802.0,223.0,248.5,234.0,14.417508072369433,8.83398506932101,8.318521151795236
11130640,15906.0,2462.0,1212.0,188.0,1214.0,193.0,1319.0,186.0,1260.0,157.0,190.5,171.5,15.478435810386019,7.737611697806661,6.965881397238018
11130650,12253.0,1652.0,1004.0,102.0,977.0,114.0,1078.0,125.0,1035.0,124.0,108.0,124.5,13.482412470415408,6.5375302663438255,7.536319612590798
11130660,19687.0,2769.0,1755.0,232.0,1467.0,207.0,1552.0,189.0,1521.0,164.0,219.5,176.5,14.065119114136232,7.927049476345251,6.374142289635247
11130760,34757.0,9534.0,3890.0,2060.0,4574.0,2439.0,3703.0,1245.0,2806.0,842.0,2249.5,1043.5,27.43044566562131,23.59450388084749,10.945038808474932
11140590,15925.0,2474.0,1030.0,159.0,1193.0,196.0,1764.0,322.0,2143.0,372.0,177.5,347.0,15.535321821036108,7.174616006467259,14.02586903799515
11140600,14130.0,5349.0,2645.0,1344.0,2278.0,1178.0,1491.0,790.0,1079.0,513.0,1261.0,651.5,37.85562632696391,23.574499906524586,12.179846700317816
11140630,15409.0,2653.0,1558.0,461.0,1598.0,523.0,1684.0,295.0,1583.0,245.0,492.0,270.0,17.217210721007202,18.545043347154166,10.17715793441387
11140660,24445.0,9957.0,2622.0,1606.0,3834.0,2367.0,3794.0,2055.0,2640.0,1322.0,1986.5,1688.5,40.73225608508898,19.95078839007733,16.95791905192327
11150570,19426.0,3430.0,1559.0,135.0,1511.0,144.0,1830.0,309.0,1850.0,265.0,139.5,287.0,17.656748687326264,4.067055393586006,8.36734693877551
11140680,15789.0,4193.0,1375.0,480.0,2044.0,772.0,2428.0,947.0,1725.0,609.0,626.0,778.0,26.556463360567484,14.929644645838302,18.55473408061054
11140690,18237.0,4094.0,1396.0,423.0,1831.0,606.0,2359.0,798.0,1969.0,595.0,514.5,696.5,22.448867686571255,12.567171470444553,17.012701514411333
11140730,30825.0,6439.0,2194.0,802.0,2457.0,966.0,3219.0,863.0,3332.0,797.0,884.0,830.0,20.88888888888889,13.728839881969249,12.890200341667962
11140750,18101.0,3129.0,1238.0,267.0,1641.0,411.0,2084.0,419.0,1781.0,320.0,339.0,369.5,17.286337771393846,10.834132310642378,11.808884627676575
11140760,23026.0,5382.0,2960.0,1119.0,2885.0,1108.0,2645.0,756.0,2533.0,659.0,1113.5,707.5,23.373577694779815,20.689334819769602,13.145670754366407
11140780,22452.0,2892.0,1781.0,199.0,2053.0,255.0,3074.0,429.0,2532.0,334.0,227.0,381.5,12.88081239978621,7.84923928077455,13.191562932226834
11150510,23246.0,1211.0,1857.0,65.0,1590.0,61.0,1733.0,113.0,2155.0,119.0,63.0,116.0,5.209498408328315,5.202312138728324,9.57886044591247
11150520,24664.0,3774.0,2314.0,360.0,2389.0,432.0,3136.0,719.0,2307.0,469.0,396.0,594.0,15.30165423289004,10.492845786963434,15.73926868044515
11150530,17599.0,2675.0,1549.0,199.0,1757.0,252.0,2049.0,388.0,1654.0,276.0,225.5,332.0,15.199727257230524,8.429906542056074,12.411214953271028
11150580,18297.0,1803.0,1429.0,77.0,1467.0,89.0,1932.0,176.0,1916.0,153.0,83.0,164.5,9.85407443843253,4.603438713255685,9.123682750970605
11150590,14840.0,2895.0,1298.0,98.0,1210.0,103.0,1313.0,243.0,1302.0,201.0,100.5,222.0,19.50808625336927,3.471502590673575,7.66839378238342
11150610,12579.0,1586.0,1137.0,92.0,1035.0,101.0,1211.0,176.0,1241.0,154.0,96.5,165.0,12.608315446378885,6.084489281210593,10.403530895334175
11150620,9376.0,1608.0,773.0,132.0,736.0,123.0,820.0,199.0,722.0,311.0,127.5,255.0,17.150170648464165,7.929104477611941,15.858208955223882
11210610,13349.0,5103.0,1370.0,868.0,2196.0,1417.0,1751.0,902.0,1169.0,537.0,1142.5,719.5,38.227582590456215,22.388790907309424,14.099549284734469
11150630,18350.0,2512.0,1415.0,76.0,1378.0,74.0,1901.0,180.0,1759.0,146.0,75.0,163.0,13.689373297002724,2.9856687898089174,6.488853503184713
11150650,15931.0,1282.0,1647.0,68.0,1178.0,52.0,957.0,112.0,1077.0,109.0,60.0,110.5,8.047203565375682,4.6801872074882995,8.619344773790951
11150690,18758.0,869.0,1732.0,60.0,1225.0,34.0,1352.0,72.0,1462.0,64.0,47.0,68.0,4.632690052244376,5.408515535097814,7.825086306098965
11150700,24077.0,2470.0,2186.0,59.0,1762.0,52.0,1711.0,138.0,1756.0,124.0,55.5,131.0,10.258753166922789,2.246963562753036,5.303643724696356
11150710,30271.0,935.0,2629.0,73.0,2074.0,65.0,1820.0,111.0,2247.0,118.0,69.0,114.5,3.0887648244194112,7.379679144385026,12.245989304812834
11160510,30709.0,2900.0,2436.0,357.0,2424.0,414.0,3255.0,498.0,3708.0,482.0,385.5,490.0,9.443485623107232,13.293103448275861,16.896551724137932
11160530,17179.0,1916.0,1575.0,175.0,1614.0,198.0,1814.0,312.0,1567.0,235.0,186.5,273.5,11.153152104313406,9.733820459290188,14.274530271398747
11160550,28732.0,5970.0,2171.0,508.0,2770.0,761.0,3968.0,1023.0,3552.0,814.0,634.5,918.5,20.77822636781289,10.62814070351759,15.385259631490788
11160570,15916.0,2343.0,1152.0,126.0,1310.0,156.0,1990.0,307.0,1867.0,260.0,141.0,283.5,14.721035436039207,6.017925736235595,12.099871959026888
11160580,19011.0,2209.0,1608.0,179.0,1807.0,227.0,1867.0,258.0,1685.0,210.0,203.0,234.0,11.619588659197307,9.189678587596198,10.593028519692169
11160590,18874.0,3002.0,1458.0,148.0,1605.0,188.0,2183.0,359.0,1992.0,315.0,168.0,337.0,15.905478435943627,5.596269153897402,11.22584943371086
11160610,20643.0,3682.0,1694.0,338.0,2011.0,462.0,2573.0,736.0,2094.0,536.0,400.0,636.0,17.83655476432689,10.863661053775123,17.273221075502445
11160630,21965.0,3613.0,1508.0,270.0,1982.0,398.0,2895.0,583.0,2643.0,471.0,334.0,527.0,16.448895970862736,9.244395239413231,14.586216440631055
11160650,14868.0,4076.0,1157.0,297.0,1549.0,428.0,1635.0,420.0,1100.0,255.0,362.5,337.5,27.414581651869785,8.893523061825318,8.2801766437684
11160660,14963.0,3444.0,1043.0,135.0,1348.0,194.0,1922.0,379.0,1501.0,267.0,164.5,323.0,23.016774710953687,4.776422764227642,9.37862950058072
11160730,44123.0,10618.0,3309.0,974.0,4695.0,1552.0,6081.0,1799.0,4911.0,1298.0,1263.0,1548.5,24.06454683498402,11.894895460538708,14.583725748728574
11160740,34195.0,2712.0,2693.0,226.0,2630.0,246.0,3393.0,365.0,3923.0,366.0,236.0,365.5,7.930984061997368,8.702064896755163,13.477138643067846
11170560,29587.0,6592.0,2137.0,720.0,3164.0,1194.0,3750.0,1095.0,3087.0,807.0,957.0,951.0,22.280055429749552,14.517597087378642,14.426577669902912
11170640,28195.0,2062.0,1929.0,73.0,2267.0,91.0,3148.0,204.0,3211.0,181.0,82.0,192.5,7.313353431459478,3.976721629485936,9.335596508244423
11170650,17853.0,1923.0,1378.0,81.0,1364.0,87.0,1869.0,208.0,1839.0,172.0,84.0,190.0,10.771298941354395,4.368174726989079,9.880395215808631
11170670,18301.0,4421.0,1345.0,486.0,1934.0,745.0,2338.0,731.0,1874.0,524.0,615.5,627.5,24.15714988252008,13.922189549875593,14.19362135263515
11170690,20111.0,2126.0,1549.0,96.0,1607.0,109.0,2154.0,198.0,2267.0,192.0,102.5,195.0,10.571329123365322,4.821260583254939,9.172154280338663
11170700,18001.0,6265.0,728.0,340.0,1248.0,631.0,1312.0,613.0,1230.0,526.0,485.5,569.5,34.80362202099883,7.749401436552275,9.090183559457303
11170710,35281.0,5837.0,2296.0,309.0,2774.0,423.0,3052.0,637.0,2771.0,467.0,366.0,552.0,16.54431563731187,6.270344354976872,9.456912797670036
11170720,28568.0,3516.0,2190.0,157.0,2211.0,174.0,2677.0,285.0,2654.0,252.0,165.5,268.5,12.307476897227668,4.707053469852104,7.636518771331058
11170730,34908.0,5390.0,2619.0,516.0,2534.0,613.0,3626.0,662.0,4403.0,598.0,564.5,630.0,15.440586685000573,10.473098330241188,11.688311688311687
11180530,19808.0,3965.0,1632.0,176.0,1731.0,216.0,1853.0,357.0,1547.0,269.0,196.0,313.0,20.0171647819063,4.943253467843632,7.894073139974779
11180540,28107.0,5997.0,1971.0,364.0,2356.0,484.0,2590.0,590.0,2252.0,464.0,424.0,527.0,21.33632191269079,7.070201767550442,8.7877271969318
11180550,16712.0,3395.0,1364.0,163.0,1367.0,187.0,1435.0,282.0,1422.0,255.0,175.0,268.5,20.314743896601247,5.154639175257731,7.908689248895434
11180580,18677.0,1777.0,1444.0,45.0,1317.0,47.0,1477.0,102.0,1760.0,105.0,46.0,103.5,9.514375970444933,2.5886325267304446,5.8244231851435
11180590,10213.0,1407.0,789.0,51.0,762.0,52.0,950.0,157.0,865.0,126.0,51.5,141.5,13.776559287183002,3.660270078180526,10.056858564321251
11180600,19338.0,2670.0,1604.0,74.0,1536.0,77.0,1671.0,198.0,1655.0,173.0,75.5,185.5,13.807012100527457,2.8277153558052435,6.947565543071161
11190540,25405.0,3003.0,1536.0,190.0,1957.0,275.0,2444.0,473.0,2609.0,415.0,232.5,444.0,11.820507774060223,7.742257742257743,14.785214785214784
11190550,17795.0,4371.0,1246.0,369.0,1857.0,604.0,2390.0,706.0,1930.0,509.0,486.5,607.5,24.56307951671818,11.130176161061542,13.898421413864103
11190650,14099.0,2361.0,964.0,131.0,1119.0,162.0,1194.0,152.0,1143.0,132.0,146.5,142.0,16.74586850131215,6.2049978822532825,6.01440067767895
11190660,11344.0,2091.0,850.0,146.0,934.0,167.0,902.0,232.0,825.0,189.0,156.5,210.5,18.432651622002822,7.4844571975131515,10.066953610712577
11190670,15048.0,2784.0,1057.0,205.0,1133.0,253.0,1234.0,267.0,1200.0,234.0,229.0,250.5,18.50079744816587,8.225574712643677,8.997844827586206
11190700,16420.0,3248.0,1174.0,268.0,1380.0,336.0,1443.0,322.0,1302.0,250.0,302.0,286.0,19.780755176613884,9.298029556650246,8.805418719211824
11190710,23723.0,5654.0,1143.0,426.0,2158.0,882.0,2069.0,718.0,1888.0,574.0,654.0,646.0,23.833410614171903,11.567032189600283,11.425539441103643
11200630,20965.0,6856.0,1630.0,807.0,3024.0,1611.0,3083.0,1409.0,2091.0,876.0,1209.0,1142.5,32.70212258526115,17.63418903150525,16.664235705950993
11220540,20328.0,1414.0,1466.0,140.0,1403.0,154.0,1741.0,216.0,2077.0,217.0,147.0,216.5,6.955922865013774,10.396039603960396,15.311173974540312
11200650,20128.0,2622.0,1605.0,254.0,1979.0,356.0,2186.0,351.0,2112.0,300.0,305.0,325.5,13.026629570747216,11.632341723874905,12.414187643020595
11200660,12566.0,2760.0,984.0,336.0,1241.0,462.0,1569.0,437.0,1345.0,334.0,399.0,385.5,21.964029922011775,14.456521739130434,13.967391304347826
11220570,23292.0,4636.0,1612.0,566.0,2616.0,1014.0,3011.0,901.0,2997.0,779.0,790.0,840.0,19.90382964107848,17.040552200172563,18.1190681622088
11200670,11058.0,2015.0,857.0,222.0,1049.0,292.0,1325.0,290.0,1270.0,256.0,257.0,273.0,18.222101645867244,12.754342431761787,13.548387096774196
11200690,22834.0,3144.0,1625.0,309.0,1912.0,411.0,2056.0,376.0,2110.0,352.0,360.0,364.0,13.768941052815975,11.450381679389313,11.577608142493638
11210540,13217.0,1634.0,891.0,102.0,1025.0,127.0,1601.0,174.0,1640.0,158.0,114.5,166.0,12.362866005901491,7.00734394124847,10.159118727050185
11210570,26054.0,10203.0,2633.0,1684.0,4357.0,2835.0,3779.0,2040.0,2432.0,1188.0,2259.5,1614.0,39.16097336301528,22.145447417426247,15.8188768009409
11210580,19530.0,8110.0,3983.0,2151.0,4369.0,2399.0,2740.0,1442.0,1639.0,783.0,2275.0,1112.5,41.52585765488991,28.051787916152897,13.717632552404439
11210620,23705.0,7544.0,2265.0,1166.0,3429.0,1892.0,3369.0,1547.0,2426.0,1008.0,1529.0,1277.5,31.824509597131406,20.2677624602333,16.933987274655355
11210630,15526.0,4282.0,1412.0,575.0,2276.0,997.0,2276.0,882.0,1637.0,568.0,786.0,725.0,27.579543990725234,18.35590845399346,16.93134049509575
11210640,21403.0,8458.0,2039.0,1270.0,3430.0,2190.0,3262.0,1730.0,2132.0,1043.0,1730.0,1386.5,39.517824604027474,20.454008039725704,16.39276424686687
11210650,17520.0,5761.0,1367.0,744.0,2219.0,1249.0,2179.0,958.0,1608.0,634.0,996.5,796.0,32.8824200913242,17.297344211074467,13.817045651796564
11210690,18609.0,12243.0,2111.0,1849.0,4486.0,3900.0,3471.0,2732.0,1846.0,1384.0,2874.5,2058.0,65.79074641302596,23.47872253532631,16.80960548885077
11210710,15659.0,1858.0,1079.0,89.0,1043.0,86.0,1448.0,129.0,1842.0,141.0,87.5,135.0,11.86538093109394,4.709364908503767,7.265877287405813
11210720,17985.0,6288.0,1244.0,674.0,2319.0,1316.0,2192.0,1143.0,1692.0,804.0,995.0,973.5,34.96246872393661,15.823791348600508,15.481870229007633
11210730,21586.0,10929.0,2346.0,1685.0,3656.0,2622.0,3164.0,1998.0,2313.0,1387.0,2153.5,1692.5,50.630037987584544,19.70445603440388,15.486320797877207
11220620,13566.0,2326.0,1150.0,251.0,1278.0,311.0,1715.0,459.0,1503.0,361.0,281.0,410.0,17.145805690697333,12.080825451418745,17.6268271711092
11210780,29528.0,5642.0,2299.0,734.0,2967.0,802.0,3457.0,884.0,3219.0,725.0,768.0,804.5,19.107287997832564,13.612194257355547,14.259127968805387
11210790,26253.0,3369.0,1861.0,181.0,1888.0,214.0,2442.0,289.0,2749.0,274.0,197.5,281.5,12.832819106387841,5.862273671712674,8.355595132086673
11210800,27337.0,12186.0,3071.0,2266.0,4800.0,3586.0,3746.0,2222.0,2415.0,1301.0,2926.0,1761.5,44.57694699491532,24.011160347940258,14.455112424093223
11210810,25078.0,4615.0,2313.0,293.0,2093.0,298.0,2301.0,459.0,2177.0,377.0,295.5,418.0,18.402583938113086,6.403033586132177,9.057421451787649
11220510,17318.0,3059.0,2004.0,428.0,1645.0,367.0,1956.0,551.0,1847.0,476.0,397.5,513.5,17.663702506063057,12.994442628309905,16.786531546256946
11220530,23887.0,4149.0,2285.0,521.0,2560.0,630.0,2483.0,767.0,2004.0,565.0,575.5,666.0,17.36928036170302,13.870812243914196,16.052060737527114
11220550,25082.0,3477.0,1713.0,249.0,2117.0,357.0,2825.0,594.0,2821.0,518.0,303.0,556.0,13.86253089865242,8.714408973252805,15.990796663790624
11220580,13085.0,758.0,842.0,62.0,785.0,66.0,955.0,68.0,1371.0,83.0,64.0,75.5,5.792892625143294,8.443271767810026,9.96042216358839
11220590,14518.0,1031.0,1030.0,59.0,955.0,57.0,1252.0,102.0,1618.0,114.0,58.0,108.0,7.101529136244662,5.625606207565471,10.475266731328807
11220600,15426.0,1346.0,1105.0,91.0,1204.0,113.0,1540.0,158.0,1666.0,154.0,102.0,156.0,8.72552832879554,7.578008915304606,11.589895988112927
11220610,15882.0,1511.0,1310.0,110.0,1239.0,118.0,1296.0,220.0,1464.0,220.0,114.0,220.0,9.513915124039793,7.5446724023825285,14.559894109861018
11220640,18895.0,1623.0,1856.0,131.0,1785.0,135.0,1682.0,212.0,1534.0,177.0,133.0,194.5,8.58957396136544,8.194701170671596,11.983980283425755
11220650,19668.0,3179.0,1582.0,289.0,1753.0,361.0,2152.0,616.0,1982.0,518.0,325.0,567.0,16.16331096196868,10.223340673167662,17.835797420572508
11230510,14098.0,2540.0,999.0,230.0,1351.0,361.0,1561.0,487.0,1447.0,408.0,295.5,447.5,18.016739963115334,11.633858267716535,17.61811023622047
11230580,11949.0,1574.0,957.0,118.0,993.0,140.0,1240.0,302.0,1073.0,221.0,129.0,261.5,13.17265043099841,8.195679796696314,16.61372299872935
11230590,23028.0,4666.0,1559.0,409.0,2108.0,636.0,2975.0,1004.0,3020.0,940.0,522.5,972.0,20.26228938683342,11.19802828975568,20.83154736390913
11230640,31585.0,16097.0,2250.0,1298.0,5090.0,3016.0,6122.0,4495.0,4203.0,2940.0,2157.0,3717.5,50.96406522083268,13.400012424675406,23.09436540970367
11230650,25425.0,5160.0,1774.0,530.0,2113.0,753.0,2977.0,1130.0,3124.0,1074.0,641.5,1102.0,20.29498525073746,12.43217054263566,21.356589147286822
11230660,16872.0,1917.0,1383.0,166.0,1684.0,252.0,1783.0,393.0,1632.0,321.0,209.0,357.0,11.362019914651492,10.90245174752217,18.622848200312987
11240510,15559.0,2601.0,1077.0,127.0,1367.0,195.0,1556.0,241.0,1426.0,193.0,161.0,217.0,16.7170126614821,6.189926951172626,8.342945021145713
11230670,24678.0,1389.0,1870.0,62.0,1770.0,67.0,2037.0,161.0,2090.0,141.0,64.5,151.0,5.62849501580355,4.643628509719223,10.871130309575234
11240520,22037.0,3021.0,1973.0,243.0,2451.0,336.0,2707.0,490.0,2368.0,369.0,289.5,429.5,13.708762535735355,9.582919563058589,14.21714664018537
11230680,11477.0,1730.0,1173.0,192.0,1119.0,199.0,1020.0,259.0,788.0,180.0,195.5,219.5,15.07362551189335,11.300578034682081,12.6878612716763
11240580,21514.0,6317.0,1833.0,695.0,2420.0,1010.0,3134.0,1333.0,2387.0,921.0,852.5,1127.0,29.3622757274333,13.495330061738168,17.840747190121895
11230710,17316.0,2520.0,1452.0,149.0,1622.0,195.0,1851.0,416.0,1718.0,352.0,172.0,384.0,14.553014553014554,6.825396825396825,15.238095238095239
11230720,18042.0,1093.0,1358.0,68.0,1317.0,77.0,1627.0,98.0,1547.0,81.0,72.5,89.5,6.058086686620109,6.633119853613907,8.18847209515096
11230730,14165.0,2999.0,1159.0,234.0,1432.0,343.0,1468.0,396.0,1266.0,303.0,288.5,349.5,21.17190257677374,9.619873291097033,11.653884628209402
11240620,16684.0,1191.0,1517.0,116.0,1488.0,124.0,1495.0,127.0,1497.0,113.0,120.0,120.0,7.138575881083672,10.075566750629724,10.075566750629724
11230750,13576.0,3345.0,789.0,80.0,1154.0,121.0,1649.0,245.0,1252.0,172.0,100.5,208.5,24.63906894519741,3.004484304932735,6.233183856502242
11230770,20540.0,1982.0,1268.0,105.0,1508.0,141.0,1834.0,235.0,2127.0,241.0,123.0,238.0,9.649464459591043,6.2058526740666,12.008072653884964
11240630,28891.0,7425.0,2081.0,600.0,3149.0,1034.0,4069.0,1477.0,3276.0,1088.0,817.0,1282.5,25.700044996711778,11.003367003367003,17.272727272727273
11230780,23083.0,3813.0,1769.0,310.0,2048.0,394.0,2556.0,717.0,2562.0,679.0,352.0,698.0,16.518650088809945,9.23157618672961,18.305795961185417
11240640,27521.0,7539.0,2061.0,595.0,3076.0,1016.0,4186.0,1737.0,3407.0,1312.0,805.5,1524.5,27.39362668507685,10.684440907282134,20.221514789759915
11230790,30059.0,1440.0,3129.0,187.0,2330.0,162.0,1836.0,262.0,1695.0,215.0,174.5,238.5,4.790578528893176,12.118055555555555,16.5625
11240650,22666.0,3245.0,1996.0,270.0,2227.0,347.0,2653.0,535.0,2049.0,375.0,308.5,455.0,14.316597546986676,9.506933744221879,14.021571648690292
11230800,27830.0,3284.0,2662.0,232.0,2167.0,190.0,2923.0,423.0,2599.0,299.0,211.0,361.0,11.800215594681998,6.425091352009744,10.992691839220463
11240530,11638.0,1572.0,1024.0,86.0,939.0,93.0,1002.0,159.0,1075.0,173.0,89.5,166.0,13.507475511256228,5.693384223918575,10.559796437659033
11240540,19527.0,2803.0,1368.0,123.0,1459.0,147.0,2022.0,254.0,2002.0,227.0,135.0,240.5,14.354483535617351,4.816268283981449,8.580092757759543
11240680,17273.0,2173.0,1507.0,215.0,1771.0,283.0,2003.0,388.0,1519.0,235.0,249.0,311.5,12.580327679036646,11.45881270133456,14.335020708697652
11240550,17882.0,3306.0,1438.0,131.0,1264.0,152.0,1579.0,315.0,1610.0,252.0,141.5,283.5,18.487864892070238,4.280096793708409,8.575317604355718
11240560,17243.0,2322.0,1393.0,55.0,1351.0,54.0,1496.0,211.0,1440.0,177.0,54.5,194.0,13.466334164588527,2.3471145564168823,8.354866494401378
11240570,12503.0,1351.0,1232.0,130.0,1025.0,129.0,1084.0,233.0,1106.0,211.0,129.5,222.0,10.805406702391426,9.585492227979273,16.432272390821616
11240600,28739.0,2694.0,2662.0,123.0,2637.0,138.0,2650.0,260.0,2327.0,205.0,130.5,232.5,9.374021364696057,4.844097995545657,8.630289532293986
11240610,23903.0,6288.0,1682.0,644.0,2565.0,826.0,3222.0,1098.0,2439.0,759.0,735.0,928.5,26.306321382253273,11.688931297709923,14.766221374045802
11240660,9175.0,711.0,289.0,16.0,448.0,27.0,649.0,70.0,937.0,87.0,21.5,78.5,7.7493188010899186,3.0239099859353025,11.040787623066104
11240670,26179.0,2313.0,2384.0,203.0,2337.0,249.0,2479.0,298.0,2511.0,241.0,226.0,269.5,8.835326024676267,9.770860354517943,11.651534803285776
11240690,15042.0,4576.0,1042.0,433.0,1506.0,697.0,1792.0,1047.0,1545.0,848.0,565.0,947.5,30.421486504454194,12.347027972027973,20.705856643356643
11240800,28298.0,1377.0,1982.0,38.0,2259.0,57.0,2699.0,142.0,2921.0,143.0,47.5,142.5,4.86606827337621,3.449527959331881,10.348583877995644
11250650,15011.0,1874.0,1095.0,148.0,1310.0,192.0,1709.0,275.0,1764.0,250.0,170.0,262.5,12.484178269269202,9.071504802561366,14.007470651013874
11250530,20539.0,1808.0,1781.0,95.0,1620.0,87.0,1881.0,179.0,1828.0,181.0,91.0,180.0,8.802765470568188,5.033185840707965,9.955752212389381
11250540,13768.0,850.0,1318.0,117.0,1140.0,114.0,959.0,97.0,839.0,73.0,115.5,85.0,6.1737361998837885,13.588235294117649,10.0
11250550,12356.0,859.0,991.0,51.0,978.0,54.0,1123.0,67.0,1307.0,66.0,52.5,66.5,6.952088054386533,6.111757857974389,7.741559953434225
11250560,9012.0,1336.0,602.0,77.0,582.0,81.0,591.0,76.0,970.0,106.0,79.0,91.0,14.824678206835332,5.913173652694611,6.811377245508981
11250580,12257.0,1523.0,830.0,87.0,999.0,127.0,1451.0,222.0,1602.0,218.0,107.0,220.0,12.425552745369993,7.0256073539067625,14.445173998686803
11250590,13889.0,810.0,1011.0,54.0,1001.0,60.0,1268.0,80.0,1641.0,89.0,57.0,84.5,5.831953344373245,7.037037037037037,10.4320987654321
11250610,24000.0,3998.0,1937.0,244.0,2067.0,281.0,2440.0,469.0,2165.0,363.0,262.5,416.0,16.658333333333335,6.565782891445723,10.405202601300651
11250630,21785.0,4975.0,1542.0,365.0,2004.0,562.0,2520.0,671.0,2086.0,490.0,463.5,580.5,22.836814321781045,9.316582914572864,11.668341708542714
11250660,22092.0,5967.0,1535.0,456.0,2222.0,723.0,2639.0,862.0,2210.0,652.0,589.5,757.0,27.009777294948396,9.879336349924586,12.686442098206804
11250670,20129.0,3497.0,1675.0,342.0,1944.0,438.0,2339.0,480.0,2166.0,398.0,390.0,439.0,17.37294450792389,11.152416356877323,12.553617386331142
11250700,14560.0,5147.0,1657.0,889.0,1326.0,721.0,1160.0,218.0,902.0,192.0,805.0,205.0,35.35027472527473,15.640178744899941,3.9829026617447054
11250710,22511.0,2766.0,1918.0,248.0,1999.0,293.0,2216.0,244.0,2132.0,210.0,270.5,227.0,12.287326196081915,9.77946493130875,8.206796818510483
11250720,29872.0,4808.0,2354.0,271.0,2464.0,312.0,3203.0,592.0,3149.0,515.0,291.5,553.5,16.095340117836102,6.062811980033278,11.51206322795341
11250730,30513.0,7045.0,2082.0,447.0,2718.0,641.0,3443.0,1039.0,3027.0,823.0,544.0,931.0,23.08851964736342,7.721788502484031,13.215046132008517
11250740,38594.0,7008.0,3073.0,636.0,3769.0,889.0,4494.0,1003.0,4047.0,801.0,762.5,902.0,18.158262942426283,10.880422374429223,12.871004566210045
11250750,24664.0,2024.0,2074.0,114.0,1390.0,90.0,1847.0,180.0,2987.0,242.0,102.0,211.0,8.206292572169964,5.0395256916996045,10.42490118577075
11010580,4380.0,734.0,297.0,39.0,327.0,50.0,349.0,59.0,399.0,61.0,44.5,60.0,16.75799086757991,6.062670299727521,8.174386920980927
11010600,3981.0,1120.0,254.0,87.0,313.0,113.0,384.0,146.0,364.0,126.0,100.0,136.0,28.133634765134392,8.928571428571429,12.142857142857142
11010610,6809.0,3345.0,556.0,372.0,651.0,431.0,589.0,320.0,496.0,249.0,401.5,284.5,49.12615655749743,12.002989536621824,8.505231689088191
11220630,22224.0,3095.0,1948.0,319.0,2129.0,379.0,2448.0,448.0,2070.0,336.0,349.0,392.0,13.92638588912887,11.276252019386106,12.665589660743134
11090700,19773.0,4826.0,1736.0,592.0,1827.0,640.0,1815.0,524.0,1699.0,441.0,616.0,482.5,24.407019673291863,12.76419394944053,9.997927890592623
11090750,26967.0,4155.0,2095.0,228.0,2002.0,232.0,2397.0,344.0,2184.0,271.0,230.0,307.5,15.407720547335632,5.535499398315283,7.400722021660649
