ADM_CD,네일숍_2022,미용실_2022,분식전문점_2022,애완동물_2022,한식음식점_2022,양식음식점_2022,일식음식점_2022,중식음식점_2022,치킨전문점_2022,커피-음료_2022,패스트푸드점_2022,제과점_2022,편의점_2022,호프-간이주점_2022
11010530.0,13.0,30.0,127.0,10.0,413.0,183.0,55.0,31.0,8.0,17.0,10.0,18.0,11.0,7.0
11010540.0,1.0,0.0,17.0,0.0,73.0,85.0,7.0,4.0,0.0,10.0,0.0,2.0,2.0,0.0
11010550.0,0.0,10.0,14.0,6.0,41.0,37.0,4.0,3.0,0.0,5.0,3.0,6.0,3.0,0.0
11010560.0,2.0,16.0,15.0,3.0,56.0,19.0,5.0,3.0,0.0,1.0,3.0,4.0,3.0,1.0
11010570.0,1.0,9.0,7.0,1.0,21.0,3.0,0.0,2.0,1.0,2.0,4.0,3.0,2.0,1.0
11010580.0,2.0,9.0,15.0,11.0,65.0,18.0,5.0,4.0,1.0,0.0,1.0,6.0,6.0,1.0
11010600.0,0.0,8.0,21.0,1.0,67.0,44.0,7.0,2.0,1.0,4.0,0.0,10.0,3.0,2.0
11010610.0,11.0,35.0,240.0,11.0,1173.0,316.0,108.0,65.0,6.0,18.0,34.0,33.0,31.0,19.0
11010630.0,1.0,19.0,52.0,12.0,306.0,30.0,14.0,5.0,2.0,1.0,2.0,5.0,0.0,6.0
11010640.0,2.0,9.0,44.0,2.0,120.0,87.0,16.0,10.0,0.0,5.0,8.0,11.0,6.0,2.0
11010670.0,2.0,46.0,63.0,9.0,182.0,43.0,10.0,20.0,6.0,2.0,7.0,7.0,6.0,7.0
11010680.0,2.0,46.0,63.0,9.0,182.0,43.0,10.0,20.0,6.0,2.0,7.0,7.0,6.0,7.0
11010690.0,2.0,46.0,63.0,9.0,182.0,43.0,10.0,20.0,6.0,2.0,7.0,7.0,6.0,7.0
11010700.0,3.0,29.0,31.0,6.0,170.0,20.0,11.0,9.0,8.0,0.0,5.0,5.0,10.0,6.0
11010710.0,3.0,29.0,31.0,6.0,170.0,20.0,11.0,9.0,8.0,0.0,5.0,5.0,10.0,6.0
11010720.0,4.0,17.0,22.0,9.0,84.0,65.0,7.0,10.0,1.0,7.0,3.0,8.0,2.0,1.0
11010730.0,7.0,32.0,99.0,4.0,235.0,139.0,26.0,13.0,6.0,14.0,16.0,7.0,11.0,12.0
11020520.0,7.0,22.0,67.0,2.0,401.0,91.0,74.0,38.0,6.0,19.0,14.0,27.0,27.0,5.0
11020540.0,14.0,38.0,88.0,5.0,424.0,107.0,42.0,41.0,8.0,18.0,19.0,33.0,31.0,4.0
11020550.0,23.0,71.0,144.0,9.0,617.0,191.0,96.0,59.0,10.0,59.0,30.0,33.0,55.0,8.0
11020570.0,1.0,21.0,79.0,5.0,323.0,104.0,40.0,20.0,7.0,18.0,4.0,13.0,23.0,15.0
11020580.0,0.0,7.0,15.0,1.0,74.0,31.0,9.0,6.0,0.0,6.0,0.0,10.0,8.0,3.0
11020590.0,12.0,23.0,70.0,3.0,357.0,90.0,40.0,18.0,10.0,13.0,16.0,14.0,19.0,7.0
11020600.0,0.0,8.0,80.0,5.0,291.0,80.0,28.0,19.0,2.0,9.0,3.0,6.0,18.0,13.0
11020650.0,20.0,154.0,109.0,28.0,461.0,78.0,45.0,33.0,21.0,28.0,17.0,22.0,43.0,20.0
11020670.0,4.0,23.0,33.0,7.0,186.0,12.0,19.0,10.0,7.0,1.0,7.0,6.0,8.0,6.0
11020680.0,3.0,23.0,28.0,2.0,95.0,17.0,7.0,6.0,4.0,4.0,0.0,8.0,8.0,3.0
11020690.0,25.0,160.0,127.0,29.0,517.0,90.0,51.0,40.0,24.0,28.0,18.0,24.0,49.0,25.0
11020700.0,20.0,154.0,109.0,28.0,461.0,78.0,45.0,33.0,21.0,28.0,17.0,22.0,43.0,20.0
11020710.0,20.0,154.0,109.0,28.0,461.0,78.0,45.0,33.0,21.0,28.0,17.0,22.0,43.0,20.0
11020720.0,20.0,154.0,109.0,28.0,461.0,78.0,45.0,33.0,21.0,28.0,17.0,22.0,43.0,20.0
11020730.0,20.0,154.0,109.0,28.0,461.0,78.0,45.0,33.0,21.0,28.0,17.0,22.0,43.0,20.0
11030510.0,2.0,23.0,19.0,5.0,62.0,31.0,13.0,4.0,3.0,9.0,1.0,6.0,9.0,3.0
11030520.0,5.0,17.0,13.0,5.0,46.0,76.0,10.0,3.0,1.0,4.0,4.0,6.0,10.0,5.0
11030530.0,1.0,19.0,31.0,1.0,184.0,43.0,28.0,16.0,2.0,9.0,8.0,19.0,14.0,5.0
11030570.0,3.0,17.0,10.0,4.0,46.0,8.0,4.0,9.0,3.0,1.0,0.0,3.0,7.0,1.0
11030580.0,2.0,6.0,3.0,5.0,12.0,8.0,3.0,1.0,1.0,2.0,0.0,2.0,5.0,0.0
11030590.0,4.0,26.0,12.0,3.0,49.0,7.0,5.0,0.0,3.0,0.0,0.0,7.0,4.0,0.0
11030630.0,9.0,36.0,17.0,12.0,75.0,29.0,26.0,9.0,3.0,5.0,0.0,6.0,6.0,3.0
11030640.0,9.0,36.0,17.0,12.0,75.0,29.0,26.0,9.0,3.0,5.0,0.0,6.0,6.0,3.0
11030650.0,8.0,46.0,36.0,18.0,179.0,361.0,26.0,20.0,1.0,32.0,5.0,15.0,18.0,9.0
11030660.0,8.0,46.0,36.0,18.0,179.0,361.0,26.0,20.0,1.0,32.0,5.0,15.0,18.0,9.0
11030690.0,0.0,10.0,6.0,0.0,21.0,9.0,3.0,3.0,1.0,2.0,0.0,1.0,5.0,0.0
11030700.0,6.0,38.0,19.0,8.0,74.0,22.0,4.0,7.0,7.0,3.0,4.0,2.0,5.0,1.0
11030710.0,5.0,48.0,45.0,5.0,127.0,43.0,14.0,8.0,4.0,7.0,4.0,7.0,9.0,6.0
11030720.0,5.0,22.0,17.0,4.0,138.0,27.0,11.0,10.0,7.0,7.0,5.0,8.0,7.0,3.0
11030730.0,19.0,58.0,48.0,9.0,343.0,169.0,56.0,28.0,4.0,5.0,10.0,29.0,19.0,6.0
11030740.0,11.0,46.0,27.0,14.0,197.0,210.0,43.0,23.0,4.0,20.0,10.0,22.0,11.0,7.0
11040520.0,15.0,56.0,11.0,16.0,83.0,17.0,11.0,6.0,3.0,1.0,4.0,9.0,8.0,5.0
11040540.0,2.0,27.0,12.0,5.0,109.0,9.0,3.0,7.0,4.0,3.0,3.0,4.0,6.0,1.0
11040550.0,26.0,88.0,40.0,28.0,289.0,48.0,30.0,22.0,20.0,11.0,20.0,23.0,26.0,20.0
11040560.0,26.0,82.0,34.0,28.0,268.0,47.0,30.0,19.0,18.0,11.0,18.0,21.0,21.0,19.0
11040570.0,26.0,82.0,34.0,28.0,268.0,47.0,30.0,19.0,18.0,11.0,18.0,21.0,21.0,19.0
11040580.0,2.0,13.0,0.0,0.0,9.0,2.0,1.0,0.0,4.0,1.0,2.0,1.0,2.0,0.0
11040590.0,3.0,19.0,2.0,4.0,29.0,5.0,3.0,3.0,2.0,0.0,3.0,1.0,2.0,2.0
11040620.0,6.0,26.0,5.0,4.0,38.0,9.0,6.0,2.0,5.0,1.0,2.0,6.0,4.0,1.0
11040650.0,16.0,75.0,26.0,8.0,224.0,121.0,25.0,16.0,11.0,9.0,9.0,24.0,24.0,3.0
11040660.0,16.0,75.0,26.0,8.0,224.0,121.0,25.0,16.0,11.0,9.0,9.0,24.0,24.0,3.0
11040670.0,12.0,67.0,39.0,10.0,421.0,95.0,52.0,28.0,6.0,10.0,14.0,21.0,44.0,7.0
11040680.0,12.0,67.0,39.0,10.0,421.0,95.0,52.0,28.0,6.0,10.0,14.0,21.0,44.0,7.0
11040690.0,0.0,16.0,2.0,3.0,40.0,2.0,2.0,3.0,2.0,1.0,2.0,4.0,5.0,1.0
11040700.0,4.0,46.0,10.0,8.0,168.0,8.0,14.0,9.0,9.0,6.0,6.0,6.0,11.0,8.0
11040710.0,31.0,95.0,23.0,25.0,263.0,27.0,33.0,15.0,11.0,9.0,5.0,17.0,16.0,14.0
11040720.0,9.0,59.0,12.0,3.0,103.0,15.0,6.0,8.0,9.0,5.0,4.0,8.0,5.0,5.0
11040730.0,7.0,28.0,9.0,10.0,50.0,20.0,7.0,3.0,3.0,3.0,4.0,12.0,5.0,0.0
11050530.0,13.0,68.0,74.0,9.0,304.0,93.0,53.0,24.0,9.0,29.0,14.0,15.0,31.0,42.0
11050540.0,12.0,54.0,34.0,7.0,135.0,23.0,31.0,19.0,7.0,7.0,4.0,9.0,10.0,4.0
11050550.0,33.0,210.0,77.0,34.0,372.0,35.0,56.0,19.0,12.0,57.0,13.0,26.0,47.0,23.0
11050560.0,33.0,210.0,77.0,34.0,372.0,35.0,56.0,19.0,12.0,57.0,13.0,26.0,47.0,23.0
11050570.0,33.0,210.0,77.0,34.0,372.0,35.0,56.0,19.0,12.0,57.0,13.0,26.0,47.0,23.0
11050580.0,33.0,210.0,77.0,34.0,372.0,35.0,56.0,19.0,12.0,57.0,13.0,26.0,47.0,23.0
11050590.0,8.0,17.0,5.0,6.0,54.0,15.0,12.0,3.0,0.0,1.0,3.0,4.0,14.0,7.0
11050600.0,42.0,173.0,88.0,33.0,418.0,51.0,66.0,38.0,12.0,21.0,29.0,30.0,51.0,8.0
11050610.0,42.0,173.0,88.0,33.0,418.0,51.0,66.0,38.0,12.0,21.0,29.0,30.0,51.0,8.0
11050620.0,42.0,173.0,88.0,33.0,418.0,51.0,66.0,38.0,12.0,21.0,29.0,30.0,51.0,8.0
11050630.0,9.0,39.0,17.0,9.0,82.0,10.0,11.0,5.0,2.0,1.0,4.0,8.0,11.0,0.0
11050640.0,36.0,227.0,94.0,40.0,411.0,77.0,60.0,125.0,20.0,15.0,22.0,33.0,58.0,8.0
11050650.0,36.0,227.0,94.0,40.0,411.0,77.0,60.0,125.0,20.0,15.0,22.0,33.0,58.0,8.0
11050660.0,36.0,227.0,94.0,40.0,411.0,77.0,60.0,125.0,20.0,15.0,22.0,33.0,58.0,8.0
11050670.0,36.0,227.0,94.0,40.0,411.0,77.0,60.0,125.0,20.0,15.0,22.0,33.0,58.0,8.0
11060710.0,8.0,33.0,26.0,5.0,137.0,33.0,14.0,25.0,6.0,3.0,6.0,11.0,11.0,5.0
11060720.0,7.0,54.0,26.0,8.0,126.0,15.0,4.0,6.0,10.0,4.0,7.0,9.0,22.0,5.0
11060730.0,7.0,54.0,26.0,8.0,126.0,15.0,4.0,6.0,10.0,4.0,7.0,9.0,22.0,5.0
11060800.0,6.0,43.0,20.0,12.0,133.0,8.0,7.0,6.0,6.0,0.0,3.0,5.0,5.0,4.0
11060810.0,10.0,55.0,43.0,12.0,352.0,19.0,18.0,19.0,8.0,5.0,8.0,9.0,25.0,8.0
11060820.0,4.0,47.0,29.0,2.0,231.0,15.0,13.0,20.0,10.0,3.0,8.0,11.0,16.0,6.0
11060830.0,18.0,106.0,33.0,16.0,227.0,11.0,18.0,11.0,13.0,5.0,15.0,15.0,26.0,9.0
11060840.0,18.0,106.0,33.0,16.0,227.0,11.0,18.0,11.0,13.0,5.0,15.0,15.0,26.0,9.0
11060860.0,23.0,82.0,29.0,24.0,183.0,13.0,13.0,14.0,8.0,1.0,3.0,14.0,24.0,7.0
11060870.0,44.0,169.0,69.0,44.0,518.0,31.0,43.0,35.0,16.0,8.0,22.0,23.0,57.0,19.0
11060880.0,44.0,169.0,69.0,44.0,518.0,31.0,43.0,35.0,16.0,8.0,22.0,23.0,57.0,19.0
11060890.0,9.0,74.0,29.0,10.0,165.0,20.0,18.0,18.0,18.0,5.0,10.0,9.0,19.0,7.0
11060900.0,9.0,74.0,29.0,10.0,165.0,20.0,18.0,18.0,18.0,5.0,10.0,9.0,19.0,7.0
11060910.0,23.0,82.0,29.0,24.0,183.0,13.0,13.0,14.0,8.0,1.0,3.0,14.0,24.0,7.0
11070520.0,58.0,305.0,120.0,58.0,673.0,35.0,38.0,35.0,38.0,25.0,25.0,39.0,85.0,99.0
11070540.0,58.0,305.0,120.0,58.0,673.0,35.0,38.0,35.0,38.0,25.0,25.0,39.0,85.0,99.0
11070550.0,58.0,305.0,120.0,58.0,673.0,35.0,38.0,35.0,38.0,25.0,25.0,39.0,85.0,99.0
11070570.0,58.0,305.0,120.0,58.0,673.0,35.0,38.0,35.0,38.0,25.0,25.0,39.0,85.0,99.0
11070590.0,16.0,86.0,40.0,14.0,263.0,22.0,24.0,13.0,12.0,13.0,10.0,12.0,31.0,59.0
11070600.0,16.0,86.0,40.0,14.0,263.0,22.0,24.0,13.0,12.0,13.0,10.0,12.0,31.0,59.0
11070610.0,12.0,94.0,36.0,16.0,206.0,5.0,8.0,5.0,14.0,1.0,13.0,7.0,31.0,33.0
11070620.0,12.0,94.0,36.0,16.0,206.0,5.0,8.0,5.0,14.0,1.0,13.0,7.0,31.0,33.0
11070640.0,19.0,108.0,36.0,16.0,190.0,9.0,23.0,12.0,11.0,5.0,7.0,12.0,24.0,33.0
11070650.0,19.0,108.0,36.0,16.0,190.0,9.0,23.0,12.0,11.0,5.0,7.0,12.0,24.0,33.0
11070680.0,18.0,112.0,53.0,17.0,224.0,12.0,13.0,16.0,16.0,5.0,13.0,17.0,34.0,29.0
11070690.0,17.0,76.0,23.0,19.0,166.0,8.0,16.0,12.0,12.0,4.0,10.0,17.0,20.0,19.0
11070700.0,17.0,76.0,23.0,19.0,166.0,8.0,16.0,12.0,12.0,4.0,10.0,17.0,20.0,19.0
11070710.0,58.0,305.0,120.0,58.0,673.0,35.0,38.0,35.0,38.0,25.0,25.0,39.0,85.0,99.0
11070720.0,58.0,305.0,120.0,58.0,673.0,35.0,38.0,35.0,38.0,25.0,25.0,39.0,85.0,99.0
11070730.0,18.0,112.0,53.0,17.0,224.0,12.0,13.0,16.0,16.0,5.0,13.0,17.0,34.0,29.0
11080580.0,6.0,31.0,8.0,5.0,23.0,4.0,1.0,2.0,6.0,0.0,3.0,3.0,3.0,0.0
11080590.0,6.0,31.0,8.0,5.0,23.0,4.0,1.0,2.0,6.0,0.0,3.0,3.0,3.0,0.0
11080600.0,3.0,40.0,29.0,0.0,136.0,40.0,13.0,19.0,12.0,8.0,11.0,9.0,21.0,12.0
11080610.0,5.0,33.0,10.0,4.0,58.0,6.0,7.0,7.0,3.0,4.0,2.0,5.0,9.0,2.0
11080620.0,34.0,215.0,63.0,47.0,326.0,33.0,23.0,27.0,47.0,16.0,28.0,43.0,51.0,21.0
11080630.0,22.0,147.0,43.0,26.0,238.0,23.0,8.0,17.0,37.0,10.0,21.0,21.0,37.0,16.0
11080640.0,16.0,116.0,35.0,21.0,215.0,19.0,7.0,15.0,31.0,10.0,18.0,18.0,34.0,16.0
11080650.0,16.0,116.0,35.0,21.0,215.0,19.0,7.0,15.0,31.0,10.0,18.0,18.0,34.0,16.0
11080660.0,12.0,68.0,20.0,21.0,88.0,10.0,15.0,10.0,10.0,6.0,7.0,22.0,14.0,5.0
11080680.0,27.0,150.0,48.0,43.0,277.0,23.0,29.0,25.0,32.0,11.0,21.0,37.0,31.0,10.0
11080710.0,15.0,82.0,28.0,22.0,189.0,13.0,14.0,15.0,22.0,5.0,14.0,15.0,17.0,5.0
11080720.0,16.0,98.0,31.0,22.0,221.0,16.0,15.0,17.0,25.0,5.0,15.0,18.0,21.0,6.0
11080760.0,12.0,88.0,22.0,20.0,150.0,5.0,5.0,10.0,13.0,11.0,4.0,8.0,20.0,9.0
11080770.0,12.0,88.0,22.0,20.0,150.0,5.0,5.0,10.0,13.0,11.0,4.0,8.0,20.0,9.0
11080780.0,12.0,88.0,22.0,20.0,150.0,5.0,5.0,10.0,13.0,11.0,4.0,8.0,20.0,9.0
11080810.0,6.0,34.0,6.0,4.0,67.0,19.0,12.0,3.0,2.0,6.0,4.0,9.0,8.0,2.0
11080820.0,13.0,87.0,34.0,13.0,197.0,21.0,20.0,15.0,13.0,10.0,11.0,12.0,16.0,7.0
11080830.0,31.0,126.0,46.0,13.0,181.0,55.0,18.0,21.0,18.0,15.0,16.0,15.0,15.0,14.0
11080840.0,6.0,69.0,18.0,9.0,139.0,7.0,10.0,9.0,9.0,4.0,6.0,9.0,17.0,7.0
11080850.0,12.0,74.0,20.0,13.0,178.0,6.0,8.0,6.0,17.0,11.0,6.0,5.0,10.0,14.0
11090600.0,25.0,113.0,45.0,20.0,192.0,17.0,10.0,12.0,17.0,8.0,16.0,10.0,28.0,10.0
11090610.0,25.0,113.0,45.0,20.0,192.0,17.0,10.0,12.0,17.0,8.0,16.0,10.0,28.0,10.0
11090620.0,25.0,113.0,45.0,20.0,192.0,17.0,10.0,12.0,17.0,8.0,16.0,10.0,28.0,10.0
11090630.0,53.0,260.0,99.0,50.0,662.0,33.0,46.0,26.0,30.0,33.0,26.0,32.0,50.0,36.0
11090640.0,53.0,260.0,99.0,50.0,662.0,33.0,46.0,26.0,30.0,33.0,26.0,32.0,50.0,36.0
11090650.0,53.0,260.0,99.0,50.0,662.0,33.0,46.0,26.0,30.0,33.0,26.0,32.0,50.0,36.0
11090690.0,52.0,309.0,112.0,61.0,654.0,30.0,50.0,39.0,34.0,29.0,26.0,36.0,51.0,43.0
11090700.0,52.0,309.0,112.0,61.0,654.0,30.0,50.0,39.0,34.0,29.0,26.0,36.0,51.0,43.0
11090710.0,52.0,309.0,112.0,61.0,654.0,30.0,50.0,39.0,34.0,29.0,26.0,36.0,51.0,43.0
11090720.0,52.0,309.0,112.0,61.0,654.0,30.0,50.0,39.0,34.0,29.0,26.0,36.0,51.0,43.0
11090730.0,52.0,309.0,112.0,61.0,654.0,30.0,50.0,39.0,34.0,29.0,26.0,36.0,51.0,43.0
11090740.0,54.0,274.0,107.0,51.0,759.0,36.0,49.0,28.0,33.0,39.0,28.0,35.0,57.0,38.0
11090750.0,53.0,260.0,99.0,50.0,662.0,33.0,46.0,26.0,30.0,33.0,26.0,32.0,50.0,36.0
11100510.0,28.0,156.0,45.0,32.0,213.0,29.0,24.0,15.0,24.0,1.0,10.0,13.0,35.0,2.0
11100520.0,28.0,156.0,45.0,32.0,213.0,29.0,24.0,15.0,24.0,1.0,10.0,13.0,35.0,2.0
11100530.0,28.0,156.0,45.0,32.0,213.0,29.0,24.0,15.0,24.0,1.0,10.0,13.0,35.0,2.0
11100540.0,28.0,156.0,45.0,32.0,213.0,29.0,24.0,15.0,24.0,1.0,10.0,13.0,35.0,2.0
11100550.0,15.0,149.0,46.0,27.0,293.0,28.0,33.0,23.0,39.0,13.0,16.0,26.0,41.0,5.0
11100560.0,15.0,149.0,46.0,27.0,293.0,28.0,33.0,23.0,39.0,13.0,16.0,26.0,41.0,5.0
11100570.0,15.0,149.0,46.0,27.0,293.0,28.0,33.0,23.0,39.0,13.0,16.0,26.0,41.0,5.0
11100590.0,49.0,221.0,65.0,46.0,342.0,32.0,49.0,29.0,35.0,6.0,21.0,33.0,47.0,10.0
11100600.0,49.0,221.0,65.0,46.0,342.0,32.0,49.0,29.0,35.0,6.0,21.0,33.0,47.0,10.0
11100610.0,49.0,221.0,65.0,46.0,342.0,32.0,49.0,29.0,35.0,6.0,21.0,33.0,47.0,10.0
11100620.0,49.0,221.0,65.0,46.0,342.0,32.0,49.0,29.0,35.0,6.0,21.0,33.0,47.0,10.0
11100630.0,49.0,221.0,65.0,46.0,342.0,32.0,49.0,29.0,35.0,6.0,21.0,33.0,47.0,10.0
11100640.0,13.0,84.0,32.0,15.0,248.0,8.0,13.0,13.0,8.0,8.0,5.0,10.0,25.0,4.0
11100650.0,13.0,84.0,32.0,15.0,248.0,8.0,13.0,13.0,8.0,8.0,5.0,10.0,25.0,4.0
11110510.0,18.0,100.0,48.0,21.0,183.0,19.0,16.0,22.0,19.0,6.0,25.0,22.0,26.0,0.0
11110520.0,18.0,100.0,48.0,21.0,183.0,19.0,16.0,22.0,19.0,6.0,25.0,22.0,26.0,0.0
11110530.0,18.0,100.0,48.0,21.0,183.0,19.0,16.0,22.0,19.0,6.0,25.0,22.0,26.0,0.0
11110560.0,33.0,153.0,68.0,42.0,319.0,36.0,40.0,23.0,20.0,12.0,24.0,34.0,43.0,4.0
11110580.0,3.0,37.0,22.0,10.0,79.0,8.0,10.0,6.0,15.0,2.0,9.0,8.0,8.0,1.0
11110590.0,3.0,37.0,22.0,10.0,79.0,8.0,10.0,6.0,15.0,2.0,9.0,8.0,8.0,1.0
11110600.0,32.0,133.0,78.0,39.0,232.0,27.0,22.0,22.0,25.0,7.0,31.0,32.0,28.0,0.0
11110610.0,32.0,133.0,78.0,39.0,232.0,27.0,22.0,22.0,25.0,7.0,31.0,32.0,28.0,0.0
11110640.0,32.0,133.0,78.0,39.0,232.0,27.0,22.0,22.0,25.0,7.0,31.0,32.0,28.0,0.0
11110650.0,68.0,370.0,141.0,88.0,721.0,70.0,92.0,69.0,36.0,20.0,39.0,69.0,84.0,69.0
11110660.0,68.0,370.0,141.0,88.0,721.0,70.0,92.0,69.0,36.0,20.0,39.0,69.0,84.0,69.0
11110690.0,68.0,370.0,141.0,88.0,721.0,70.0,92.0,69.0,36.0,20.0,39.0,69.0,84.0,69.0
11110720.0,68.0,370.0,141.0,88.0,721.0,70.0,92.0,69.0,36.0,20.0,39.0,69.0,84.0,69.0
11110730.0,68.0,370.0,141.0,88.0,721.0,70.0,92.0,69.0,36.0,20.0,39.0,69.0,84.0,69.0
11110740.0,68.0,370.0,141.0,88.0,721.0,70.0,92.0,69.0,36.0,20.0,39.0,69.0,84.0,69.0
11110760.0,68.0,370.0,141.0,88.0,721.0,70.0,92.0,69.0,36.0,20.0,39.0,69.0,84.0,69.0
11110770.0,68.0,370.0,141.0,88.0,721.0,70.0,92.0,69.0,36.0,20.0,39.0,69.0,84.0,69.0
11110780.0,32.0,133.0,78.0,39.0,232.0,27.0,22.0,22.0,25.0,7.0,31.0,32.0,28.0,0.0
11110790.0,33.0,153.0,68.0,42.0,319.0,36.0,40.0,23.0,20.0,12.0,24.0,34.0,43.0,4.0
11120510.0,10.0,62.0,12.0,14.0,132.0,10.0,10.0,11.0,7.0,1.0,3.0,13.0,17.0,5.0
11120520.0,13.0,143.0,42.0,23.0,250.0,14.0,13.0,12.0,11.0,2.0,8.0,18.0,21.0,5.0
11120550.0,23.0,142.0,38.0,29.0,334.0,37.0,36.0,13.0,13.0,6.0,7.0,14.0,26.0,13.0
11120560.0,23.0,142.0,38.0,29.0,334.0,37.0,36.0,13.0,13.0,6.0,7.0,14.0,26.0,13.0
11120570.0,9.0,55.0,13.0,5.0,55.0,5.0,4.0,3.0,6.0,0.0,4.0,13.0,10.0,0.0
11120580.0,14.0,80.0,30.0,20.0,211.0,19.0,16.0,9.0,4.0,4.0,13.0,18.0,18.0,10.0
11120590.0,22.0,175.0,43.0,44.0,388.0,22.0,33.0,22.0,20.0,2.0,11.0,24.0,28.0,12.0
11120600.0,22.0,175.0,43.0,44.0,388.0,22.0,33.0,22.0,20.0,2.0,11.0,24.0,28.0,12.0
11120650.0,9.0,103.0,25.0,13.0,113.0,9.0,11.0,11.0,7.0,1.0,4.0,17.0,16.0,3.0
11120660.0,9.0,103.0,25.0,13.0,113.0,9.0,11.0,11.0,7.0,1.0,4.0,17.0,16.0,3.0
11120670.0,2.0,35.0,5.0,5.0,80.0,5.0,6.0,7.0,6.0,1.0,3.0,8.0,4.0,3.0
11120680.0,0.0,13.0,12.0,3.0,46.0,2.0,1.0,3.0,1.0,3.0,3.0,4.0,4.0,2.0
11120710.0,15.0,70.0,24.0,22.0,161.0,12.0,14.0,14.0,6.0,2.0,7.0,30.0,14.0,1.0
11120720.0,13.0,143.0,42.0,23.0,250.0,14.0,13.0,12.0,11.0,2.0,8.0,18.0,21.0,5.0
11120730.0,22.0,175.0,43.0,44.0,388.0,22.0,33.0,22.0,20.0,2.0,11.0,24.0,28.0,12.0
11120740.0,10.0,135.0,27.0,22.0,203.0,11.0,13.0,15.0,10.0,1.0,6.0,17.0,15.0,7.0
11130520.0,5.0,28.0,16.0,7.0,88.0,13.0,4.0,1.0,4.0,0.0,0.0,5.0,4.0,4.0
11130620.0,14.0,91.0,46.0,25.0,244.0,23.0,20.0,11.0,10.0,6.0,11.0,17.0,28.0,26.0
11130640.0,14.0,91.0,46.0,25.0,244.0,23.0,20.0,11.0,10.0,6.0,11.0,17.0,28.0,26.0
11130650.0,14.0,91.0,46.0,25.0,244.0,23.0,20.0,11.0,10.0,6.0,11.0,17.0,28.0,26.0
11130660.0,8.0,75.0,41.0,17.0,169.0,31.0,9.0,14.0,7.0,2.0,8.0,11.0,31.0,12.0
11130680.0,8.0,75.0,41.0,17.0,169.0,31.0,9.0,14.0,7.0,2.0,8.0,11.0,31.0,12.0
11130690.0,11.0,77.0,33.0,20.0,207.0,21.0,14.0,18.0,9.0,7.0,8.0,15.0,24.0,32.0
11130700.0,11.0,77.0,33.0,20.0,207.0,21.0,14.0,18.0,9.0,7.0,8.0,15.0,24.0,32.0
11130710.0,8.0,106.0,24.0,17.0,137.0,23.0,11.0,8.0,13.0,4.0,3.0,9.0,27.0,7.0
11130720.0,8.0,106.0,24.0,17.0,137.0,23.0,11.0,8.0,13.0,4.0,3.0,9.0,27.0,7.0
11130730.0,11.0,45.0,57.0,10.0,230.0,37.0,21.0,14.0,5.0,7.0,5.0,11.0,28.0,15.0
11130740.0,6.0,35.0,24.0,9.0,52.0,12.0,6.0,4.0,2.0,2.0,2.0,6.0,15.0,5.0
11130750.0,33.0,137.0,96.0,13.0,419.0,192.0,64.0,51.0,8.0,24.0,27.0,27.0,38.0,66.0
11130760.0,7.0,61.0,32.0,18.0,141.0,53.0,22.0,15.0,7.0,12.0,5.0,18.0,25.0,3.0
11140590.0,21.0,129.0,84.0,34.0,424.0,59.0,55.0,26.0,11.0,37.0,21.0,31.0,34.0,2.0
11140600.0,18.0,95.0,42.0,25.0,213.0,35.0,21.0,15.0,9.0,12.0,15.0,20.0,22.0,4.0
11140610.0,13.0,76.0,44.0,23.0,233.0,31.0,37.0,16.0,6.0,21.0,13.0,12.0,19.0,3.0
11140630.0,11.0,85.0,30.0,16.0,152.0,27.0,17.0,9.0,8.0,12.0,13.0,20.0,18.0,4.0
11140660.0,104.0,304.0,123.0,47.0,692.0,252.0,173.0,66.0,15.0,227.0,28.0,61.0,50.0,26.0
11140680.0,22.0,65.0,13.0,8.0,153.0,49.0,34.0,13.0,4.0,34.0,7.0,20.0,13.0,5.0
11140690.0,21.0,118.0,38.0,28.0,207.0,50.0,13.0,10.0,7.0,13.0,14.0,29.0,21.0,4.0
11140700.0,21.0,118.0,38.0,28.0,207.0,50.0,13.0,10.0,7.0,13.0,14.0,29.0,21.0,4.0
11140710.0,34.0,69.0,15.0,5.0,142.0,85.0,57.0,30.0,4.0,26.0,5.0,44.0,14.0,5.0
11140720.0,7.0,64.0,27.0,12.0,147.0,19.0,31.0,16.0,7.0,16.0,12.0,22.0,25.0,2.0
11140730.0,11.0,74.0,32.0,16.0,166.0,20.0,32.0,17.0,9.0,16.0,14.0,24.0,28.0,2.0
11140740.0,8.0,38.0,30.0,14.0,249.0,33.0,60.0,24.0,8.0,24.0,10.0,17.0,19.0,1.0
11140750.0,10.0,51.0,42.0,12.0,208.0,32.0,28.0,18.0,3.0,18.0,8.0,13.0,14.0,1.0
11140760.0,21.0,76.0,19.0,9.0,128.0,48.0,25.0,17.0,5.0,45.0,3.0,15.0,11.0,6.0
11140770.0,29.0,172.0,93.0,41.0,472.0,56.0,71.0,35.0,10.0,38.0,25.0,30.0,30.0,4.0
11140780.0,17.0,125.0,60.0,33.0,306.0,35.0,44.0,21.0,9.0,27.0,17.0,16.0,26.0,3.0
11150510.0,69.0,296.0,95.0,66.0,429.0,55.0,53.0,51.0,31.0,29.0,22.0,65.0,63.0,10.0
11150520.0,69.0,296.0,95.0,66.0,429.0,55.0,53.0,51.0,31.0,29.0,22.0,65.0,63.0,10.0
11150530.0,69.0,296.0,95.0,66.0,429.0,55.0,53.0,51.0,31.0,29.0,22.0,65.0,63.0,10.0
11150540.0,69.0,296.0,95.0,66.0,429.0,55.0,53.0,51.0,31.0,29.0,22.0,65.0,63.0,10.0
11150570.0,36.0,260.0,74.0,44.0,424.0,11.0,24.0,25.0,35.0,14.0,16.0,26.0,66.0,23.0
11150580.0,36.0,260.0,74.0,44.0,424.0,11.0,24.0,25.0,35.0,14.0,16.0,26.0,66.0,23.0
11150590.0,36.0,260.0,74.0,44.0,424.0,11.0,24.0,25.0,35.0,14.0,16.0,26.0,66.0,23.0
11150600.0,36.0,260.0,74.0,44.0,424.0,11.0,24.0,25.0,35.0,14.0,16.0,26.0,66.0,23.0
11150610.0,36.0,260.0,74.0,44.0,424.0,11.0,24.0,25.0,35.0,14.0,16.0,26.0,66.0,23.0
11150620.0,36.0,260.0,74.0,44.0,424.0,11.0,24.0,25.0,35.0,14.0,16.0,26.0,66.0,23.0
11150630.0,36.0,260.0,74.0,44.0,424.0,11.0,24.0,25.0,35.0,14.0,16.0,26.0,66.0,23.0
11150640.0,62.0,320.0,87.0,57.0,405.0,30.0,41.0,45.0,40.0,16.0,28.0,54.0,70.0,14.0
11150650.0,62.0,320.0,87.0,57.0,405.0,30.0,41.0,45.0,40.0,16.0,28.0,54.0,70.0,14.0
11150660.0,62.0,320.0,87.0,57.0,405.0,30.0,41.0,45.0,40.0,16.0,28.0,54.0,70.0,14.0
11150690.0,62.0,320.0,87.0,57.0,405.0,30.0,41.0,45.0,40.0,16.0,28.0,54.0,70.0,14.0
11150700.0,62.0,320.0,87.0,57.0,405.0,30.0,41.0,45.0,40.0,16.0,28.0,54.0,70.0,14.0
11150710.0,69.0,296.0,95.0,66.0,429.0,55.0,53.0,51.0,31.0,29.0,22.0,65.0,63.0,10.0
11150720.0,62.0,320.0,87.0,57.0,405.0,30.0,41.0,45.0,40.0,16.0,28.0,54.0,70.0,14.0
11160510.0,15.0,115.0,38.0,30.0,247.0,39.0,17.0,18.0,17.0,1.0,15.0,21.0,27.0,20.0
11160520.0,29.0,118.0,67.0,27.0,333.0,66.0,42.0,28.0,28.0,1.0,25.0,26.0,44.0,33.0
11160530.0,29.0,118.0,67.0,27.0,333.0,66.0,42.0,28.0,28.0,1.0,25.0,26.0,44.0,33.0
11160540.0,29.0,118.0,67.0,27.0,333.0,66.0,42.0,28.0,28.0,1.0,25.0,26.0,44.0,33.0
11160550.0,78.0,443.0,143.0,77.0,1119.0,153.0,109.0,64.0,68.0,3.0,58.0,52.0,91.0,216.0
11160570.0,78.0,443.0,143.0,77.0,1119.0,153.0,109.0,64.0,68.0,3.0,58.0,52.0,91.0,216.0
11160580.0,78.0,443.0,143.0,77.0,1119.0,153.0,109.0,64.0,68.0,3.0,58.0,52.0,91.0,216.0
11160590.0,78.0,443.0,143.0,77.0,1119.0,153.0,109.0,64.0,68.0,3.0,58.0,52.0,91.0,216.0
11160610.0,78.0,443.0,143.0,77.0,1119.0,153.0,109.0,64.0,68.0,3.0,58.0,52.0,91.0,216.0
11160630.0,78.0,443.0,143.0,77.0,1119.0,153.0,109.0,64.0,68.0,3.0,58.0,52.0,91.0,216.0
11160640.0,96.0,236.0,60.0,65.0,877.0,199.0,131.0,75.0,16.0,1.0,23.0,56.0,64.0,37.0
11160650.0,4.0,61.0,14.0,17.0,129.0,7.0,5.0,10.0,12.0,0.0,7.0,10.0,15.0,6.0
11160660.0,4.0,61.0,14.0,17.0,129.0,7.0,5.0,10.0,12.0,0.0,7.0,10.0,15.0,6.0
11160670.0,109.0,269.0,69.0,71.0,919.0,230.0,145.0,74.0,20.0,2.0,27.0,68.0,67.0,43.0
11160690.0,116.0,369.0,114.0,76.0,1304.0,258.0,154.0,100.0,50.0,4.0,46.0,91.0,104.0,117.0
11160700.0,116.0,369.0,114.0,76.0,1299.0,258.0,154.0,100.0,50.0,4.0,45.0,91.0,103.0,117.0
11160710.0,21.0,155.0,53.0,24.0,368.0,52.0,21.0,25.0,39.0,2.0,17.0,38.0,32.0,58.0
11160720.0,21.0,154.0,52.0,24.0,366.0,52.0,21.0,25.0,39.0,2.0,17.0,38.0,32.0,58.0
11160730.0,78.0,443.0,143.0,77.0,1119.0,153.0,109.0,64.0,68.0,3.0,58.0,52.0,91.0,216.0
11160740.0,95.0,535.0,165.0,100.0,1272.0,184.0,126.0,72.0,84.0,4.0,69.0,71.0,107.0,227.0
11170510.0,13.0,41.0,22.0,15.0,127.0,10.0,14.0,13.0,15.0,0.0,13.0,19.0,17.0,1.0
11170520.0,64.0,268.0,171.0,32.0,990.0,81.0,93.0,193.0,56.0,13.0,51.0,37.0,88.0,10.0
11170540.0,64.0,268.0,171.0,32.0,990.0,81.0,93.0,193.0,56.0,13.0,51.0,37.0,88.0,10.0
11170550.0,64.0,268.0,171.0,32.0,990.0,81.0,93.0,193.0,56.0,13.0,51.0,37.0,88.0,10.0
11170560.0,64.0,268.0,171.0,32.0,990.0,81.0,93.0,193.0,56.0,13.0,51.0,37.0,88.0,10.0
11170610.0,13.0,105.0,67.0,21.0,208.0,11.0,9.0,20.0,20.0,7.0,13.0,15.0,33.0,6.0
11170620.0,13.0,105.0,67.0,21.0,208.0,11.0,9.0,20.0,20.0,7.0,13.0,15.0,33.0,6.0
11170640.0,27.0,182.0,52.0,28.0,233.0,11.0,8.0,25.0,24.0,1.0,17.0,20.0,35.0,4.0
11170650.0,27.0,182.0,52.0,28.0,233.0,11.0,8.0,25.0,24.0,1.0,17.0,20.0,35.0,4.0
11170670.0,15.0,77.0,29.0,13.0,162.0,9.0,12.0,14.0,17.0,0.0,10.0,10.0,28.0,1.0
11170690.0,2.0,33.0,13.0,5.0,65.0,0.0,2.0,5.0,8.0,1.0,4.0,6.0,16.0,0.0
11170700.0,4.0,38.0,15.0,2.0,72.0,0.0,3.0,56.0,4.0,1.0,3.0,0.0,6.0,2.0
11170710.0,64.0,268.0,171.0,32.0,990.0,81.0,93.0,193.0,56.0,13.0,51.0,37.0,88.0,10.0
11170720.0,27.0,182.0,52.0,28.0,233.0,11.0,8.0,25.0,24.0,1.0,17.0,20.0,35.0,4.0
11170730.0,18.0,89.0,33.0,19.0,173.0,9.0,13.0,15.0,19.0,1.0,11.0,13.0,31.0,1.0
11170740.0,2.0,11.0,3.0,6.0,13.0,1.0,2.0,2.0,0.0,0.0,3.0,3.0,11.0,0.0
11180510.0,14.0,54.0,54.0,12.0,545.0,44.0,46.0,64.0,13.0,15.0,18.0,19.0,84.0,16.0
11180520.0,30.0,241.0,85.0,42.0,522.0,35.0,17.0,80.0,32.0,10.0,15.0,28.0,70.0,56.0
11180530.0,30.0,241.0,85.0,42.0,522.0,35.0,17.0,80.0,32.0,10.0,15.0,28.0,70.0,56.0
11180540.0,30.0,241.0,85.0,42.0,522.0,35.0,17.0,80.0,32.0,10.0,15.0,28.0,70.0,56.0
11180550.0,30.0,241.0,85.0,42.0,522.0,35.0,17.0,80.0,32.0,10.0,15.0,28.0,70.0,56.0
11180570.0,26.0,211.0,73.0,34.0,417.0,17.0,15.0,43.0,33.0,4.0,18.0,28.0,53.0,48.0
11180580.0,26.0,211.0,73.0,34.0,417.0,17.0,15.0,43.0,33.0,4.0,18.0,28.0,53.0,48.0
11180590.0,26.0,211.0,73.0,34.0,417.0,17.0,15.0,43.0,33.0,4.0,18.0,28.0,53.0,48.0
11180600.0,26.0,211.0,73.0,34.0,417.0,17.0,15.0,43.0,33.0,4.0,18.0,28.0,53.0,48.0
11180610.0,26.0,211.0,73.0,34.0,417.0,17.0,15.0,43.0,33.0,4.0,18.0,28.0,53.0,48.0
11190540.0,30.0,66.0,142.0,21.0,746.0,183.0,153.0,78.0,13.0,27.0,26.0,67.0,56.0,17.0
11190550.0,7.0,62.0,52.0,4.0,251.0,20.0,24.0,18.0,11.0,9.0,7.0,11.0,24.0,15.0
11190560.0,21.0,53.0,32.0,13.0,169.0,21.0,19.0,15.0,9.0,7.0,11.0,11.0,31.0,10.0
11190610.0,5.0,33.0,33.0,4.0,155.0,6.0,20.0,12.0,9.0,7.0,12.0,11.0,20.0,4.0
11190620.0,7.0,38.0,23.0,6.0,196.0,19.0,18.0,18.0,11.0,11.0,11.0,13.0,31.0,6.0
11190630.0,21.0,203.0,104.0,46.0,431.0,22.0,28.0,46.0,24.0,9.0,16.0,24.0,60.0,16.0
11190650.0,21.0,203.0,104.0,46.0,431.0,22.0,28.0,46.0,24.0,9.0,16.0,24.0,60.0,16.0
11190660.0,21.0,203.0,104.0,46.0,431.0,22.0,28.0,46.0,24.0,9.0,16.0,24.0,60.0,16.0
11190670.0,46.0,366.0,171.0,58.0,753.0,30.0,36.0,305.0,40.0,14.0,29.0,40.0,91.0,30.0
11190680.0,21.0,203.0,104.0,46.0,431.0,22.0,28.0,46.0,24.0,9.0,16.0,24.0,60.0,16.0
11190690.0,21.0,203.0,104.0,46.0,431.0,22.0,28.0,46.0,24.0,9.0,16.0,24.0,60.0,16.0
11190700.0,25.0,163.0,67.0,12.0,322.0,8.0,8.0,259.0,16.0,5.0,13.0,16.0,31.0,14.0
11190710.0,25.0,163.0,67.0,12.0,322.0,8.0,8.0,259.0,16.0,5.0,13.0,16.0,31.0,14.0
11190720.0,25.0,163.0,67.0,12.0,322.0,8.0,8.0,259.0,16.0,5.0,13.0,16.0,31.0,14.0
11190730.0,25.0,224.0,125.0,51.0,511.0,34.0,37.0,57.0,29.0,10.0,20.0,36.0,68.0,20.0
11190740.0,17.0,88.0,99.0,26.0,537.0,67.0,64.0,51.0,12.0,10.0,25.0,40.0,52.0,23.0
11190750.0,3.0,38.0,21.0,2.0,63.0,4.0,2.0,10.0,6.0,2.0,1.0,7.0,10.0,4.0
11190760.0,9.0,39.0,50.0,8.0,301.0,45.0,26.0,22.0,10.0,3.0,12.0,12.0,28.0,9.0
11200520.0,6.0,63.0,45.0,9.0,200.0,20.0,25.0,26.0,23.0,13.0,13.0,14.0,17.0,21.0
11200530.0,36.0,203.0,76.0,34.0,316.0,40.0,26.0,24.0,30.0,10.0,19.0,41.0,50.0,31.0
11200540.0,33.0,175.0,63.0,31.0,278.0,31.0,22.0,20.0,26.0,7.0,15.0,37.0,38.0,26.0
11200550.0,33.0,175.0,63.0,31.0,278.0,31.0,22.0,20.0,26.0,7.0,15.0,37.0,38.0,26.0
11200560.0,33.0,175.0,63.0,31.0,278.0,31.0,22.0,20.0,26.0,7.0,15.0,37.0,38.0,26.0
11200630.0,37.0,199.0,64.0,34.0,397.0,41.0,57.0,19.0,29.0,10.0,19.0,35.0,46.0,47.0
11200650.0,37.0,199.0,64.0,34.0,397.0,41.0,57.0,19.0,29.0,10.0,19.0,35.0,46.0,47.0
11200660.0,37.0,199.0,64.0,34.0,397.0,41.0,57.0,19.0,29.0,10.0,19.0,35.0,46.0,47.0
11200670.0,37.0,199.0,64.0,34.0,397.0,41.0,57.0,19.0,29.0,10.0,19.0,35.0,46.0,47.0
11200680.0,4.0,41.0,19.0,9.0,84.0,8.0,7.0,9.0,11.0,2.0,9.0,12.0,15.0,12.0
11200690.0,22.0,88.0,34.0,8.0,140.0,20.0,14.0,23.0,10.0,4.0,7.0,13.0,16.0,15.0
11200700.0,22.0,88.0,34.0,8.0,140.0,20.0,14.0,23.0,10.0,4.0,7.0,13.0,16.0,15.0
11200710.0,6.0,60.0,32.0,13.0,129.0,28.0,12.0,12.0,11.0,6.0,8.0,8.0,12.0,10.0
11200720.0,6.0,76.0,50.0,10.0,210.0,20.0,25.0,27.0,23.0,14.0,14.0,16.0,22.0,21.0
11200730.0,38.0,202.0,65.0,34.0,398.0,41.0,57.0,19.0,29.0,10.0,19.0,38.0,48.0,47.0
11210520.0,72.0,437.0,199.0,69.0,923.0,239.0,132.0,71.0,47.0,27.0,32.0,62.0,125.0,59.0
11210540.0,72.0,437.0,199.0,69.0,923.0,239.0,132.0,71.0,47.0,27.0,32.0,62.0,125.0,59.0
11210570.0,72.0,437.0,199.0,69.0,923.0,239.0,132.0,71.0,47.0,27.0,32.0,62.0,125.0,59.0
11210580.0,72.0,437.0,199.0,69.0,923.0,239.0,132.0,71.0,47.0,27.0,32.0,62.0,125.0,59.0
11210610.0,72.0,437.0,199.0,69.0,923.0,239.0,132.0,71.0,47.0,27.0,32.0,62.0,125.0,59.0
11210620.0,72.0,437.0,199.0,69.0,923.0,239.0,132.0,71.0,47.0,27.0,32.0,62.0,125.0,59.0
11210630.0,4.0,31.0,18.0,8.0,91.0,9.0,3.0,10.0,5.0,0.0,5.0,9.0,12.0,7.0
11210640.0,74.0,474.0,278.0,81.0,1080.0,176.0,110.0,95.0,64.0,23.0,48.0,63.0,147.0,76.0
11210650.0,74.0,474.0,278.0,81.0,1080.0,176.0,110.0,95.0,64.0,23.0,48.0,63.0,147.0,76.0
11210660.0,74.0,474.0,278.0,81.0,1080.0,176.0,110.0,95.0,64.0,23.0,48.0,63.0,147.0,76.0
11210680.0,74.0,474.0,278.0,81.0,1080.0,176.0,110.0,95.0,64.0,23.0,48.0,63.0,147.0,76.0
11210690.0,74.0,474.0,278.0,81.0,1080.0,176.0,110.0,95.0,64.0,23.0,48.0,63.0,147.0,76.0
11210710.0,74.0,474.0,278.0,81.0,1080.0,176.0,110.0,95.0,64.0,23.0,48.0,63.0,147.0,76.0
11210720.0,74.0,474.0,278.0,81.0,1080.0,176.0,110.0,95.0,64.0,23.0,48.0,63.0,147.0,76.0
11210730.0,74.0,474.0,278.0,81.0,1080.0,176.0,110.0,95.0,64.0,23.0,48.0,63.0,147.0,76.0
11210780.0,72.0,437.0,199.0,69.0,923.0,239.0,132.0,71.0,47.0,27.0,32.0,62.0,125.0,59.0
11210790.0,72.0,437.0,199.0,69.0,923.0,239.0,132.0,71.0,47.0,27.0,32.0,62.0,125.0,59.0
11210800.0,72.0,437.0,199.0,69.0,923.0,239.0,132.0,71.0,47.0,27.0,32.0,62.0,125.0,59.0
11210810.0,74.0,474.0,278.0,81.0,1080.0,176.0,110.0,95.0,64.0,23.0,48.0,63.0,147.0,76.0
11210820.0,74.0,474.0,278.0,81.0,1080.0,176.0,110.0,95.0,64.0,23.0,48.0,63.0,147.0,76.0
11210830.0,74.0,474.0,278.0,81.0,1080.0,176.0,110.0,95.0,64.0,23.0,48.0,63.0,147.0,76.0
11220510.0,62.0,207.0,167.0,70.0,1016.0,216.0,134.0,85.0,31.0,51.0,35.0,77.0,118.0,14.0
11220520.0,62.0,207.0,167.0,70.0,1016.0,216.0,134.0,85.0,31.0,51.0,35.0,77.0,118.0,14.0
11220530.0,115.0,434.0,270.0,129.0,1541.0,321.0,203.0,130.0,43.0,84.0,60.0,124.0,183.0,21.0
11220540.0,62.0,207.0,167.0,70.0,1016.0,216.0,134.0,85.0,31.0,51.0,35.0,77.0,118.0,14.0
11220550.0,16.0,53.0,34.0,19.0,239.0,39.0,30.0,20.0,8.0,10.0,13.0,19.0,22.0,2.0
11220560.0,45.0,114.0,67.0,46.0,308.0,122.0,52.0,30.0,15.0,27.0,23.0,50.0,46.0,7.0
11220570.0,45.0,114.0,67.0,46.0,308.0,122.0,52.0,30.0,15.0,27.0,23.0,50.0,46.0,7.0
11220580.0,45.0,114.0,67.0,46.0,308.0,122.0,52.0,30.0,15.0,27.0,23.0,50.0,46.0,7.0
11220590.0,16.0,53.0,34.0,19.0,239.0,39.0,30.0,20.0,8.0,10.0,13.0,19.0,22.0,2.0
11220600.0,45.0,114.0,67.0,46.0,308.0,122.0,52.0,30.0,15.0,27.0,23.0,50.0,46.0,7.0
11220610.0,53.0,227.0,103.0,59.0,525.0,105.0,69.0,45.0,12.0,33.0,25.0,47.0,65.0,7.0
11220620.0,53.0,227.0,103.0,59.0,525.0,105.0,69.0,45.0,12.0,33.0,25.0,47.0,65.0,7.0
11220630.0,53.0,227.0,103.0,59.0,525.0,105.0,69.0,45.0,12.0,33.0,25.0,47.0,65.0,7.0
11220640.0,53.0,227.0,103.0,59.0,525.0,105.0,69.0,45.0,12.0,33.0,25.0,47.0,65.0,7.0
11220650.0,53.0,227.0,103.0,59.0,525.0,105.0,69.0,45.0,12.0,33.0,25.0,47.0,65.0,7.0
11220660.0,18.0,92.0,74.0,31.0,532.0,92.0,51.0,35.0,9.0,30.0,24.0,42.0,61.0,10.0
11220670.0,15.0,72.0,60.0,21.0,524.0,92.0,44.0,30.0,6.0,33.0,22.0,36.0,52.0,9.0
11220680.0,2.0,9.0,4.0,7.0,53.0,2.0,3.0,1.0,1.0,2.0,2.0,5.0,7.0,0.0
11230510.0,80.0,281.0,138.0,66.0,602.0,641.0,194.0,54.0,13.0,25.0,60.0,111.0,66.0,40.0
11230511.0,56.0,297.0,248.0,82.0,915.0,244.0,135.0,79.0,50.0,14.0,106.0,79.0,124.0,10.0
11230520.0,65.0,209.0,172.0,75.0,845.0,352.0,132.0,51.0,25.0,22.0,65.0,48.0,100.0,17.0
11230530.0,65.0,209.0,172.0,75.0,845.0,352.0,132.0,51.0,25.0,22.0,65.0,48.0,100.0,17.0
11230580.0,29.0,114.0,98.0,36.0,479.0,239.0,92.0,45.0,15.0,19.0,62.0,63.0,73.0,5.0
11230590.0,29.0,114.0,98.0,36.0,479.0,239.0,92.0,45.0,15.0,19.0,62.0,63.0,73.0,5.0
11230600.0,40.0,179.0,164.0,40.0,602.0,190.0,104.0,60.0,25.0,11.0,70.0,46.0,84.0,7.0
11230630.0,40.0,179.0,164.0,40.0,602.0,190.0,104.0,60.0,25.0,11.0,70.0,46.0,84.0,7.0
11230640.0,90.0,237.0,234.0,83.0,1364.0,545.0,216.0,105.0,34.0,29.0,117.0,73.0,160.0,20.0
11230650.0,90.0,237.0,234.0,83.0,1364.0,545.0,216.0,105.0,34.0,29.0,117.0,73.0,160.0,20.0
11230660.0,19.0,65.0,36.0,26.0,211.0,90.0,31.0,16.0,7.0,6.0,33.0,21.0,26.0,1.0
11230670.0,19.0,65.0,36.0,26.0,211.0,90.0,31.0,16.0,7.0,6.0,33.0,21.0,26.0,1.0
11230680.0,8.0,74.0,53.0,26.0,203.0,38.0,19.0,11.0,13.0,2.0,25.0,19.0,28.0,3.0
11230710.0,8.0,74.0,53.0,26.0,203.0,38.0,19.0,11.0,13.0,2.0,25.0,19.0,28.0,3.0
11230720.0,10.0,77.0,63.0,22.0,217.0,22.0,19.0,16.0,17.0,1.0,22.0,28.0,24.0,0.0
11230730.0,10.0,77.0,63.0,22.0,217.0,22.0,19.0,16.0,17.0,1.0,22.0,28.0,24.0,0.0
11230750.0,2.0,33.0,32.0,6.0,107.0,6.0,7.0,8.0,5.0,0.0,11.0,14.0,12.0,0.0
11230760.0,6.0,29.0,12.0,14.0,95.0,10.0,8.0,4.0,5.0,1.0,10.0,9.0,20.0,0.0
11230770.0,80.0,281.0,138.0,66.0,602.0,641.0,194.0,54.0,13.0,25.0,60.0,111.0,66.0,40.0
11230780.0,29.0,200.0,47.0,32.0,264.0,310.0,106.0,17.0,9.0,10.0,20.0,25.0,42.0,13.0
11230790.0,40.0,179.0,164.0,40.0,602.0,190.0,104.0,60.0,25.0,11.0,70.0,46.0,84.0,7.0
11230800.0,16.0,118.0,84.0,42.0,313.0,54.0,31.0,19.0,25.0,3.0,36.0,33.0,40.0,3.0
11240510.0,9.0,55.0,26.0,15.0,118.0,4.0,7.0,7.0,9.0,1.0,2.0,12.0,11.0,2.0
11240520.0,9.0,55.0,26.0,15.0,118.0,4.0,7.0,7.0,9.0,1.0,2.0,12.0,11.0,2.0
11240530.0,6.0,72.0,22.0,17.0,102.0,5.0,8.0,6.0,12.0,2.0,5.0,9.0,12.0,3.0
11240540.0,6.0,72.0,22.0,17.0,102.0,5.0,8.0,6.0,12.0,2.0,5.0,9.0,12.0,3.0
11240550.0,10.0,78.0,39.0,11.0,144.0,11.0,6.0,10.0,12.0,4.0,4.0,6.0,9.0,10.0
11240560.0,10.0,78.0,39.0,11.0,144.0,11.0,6.0,10.0,12.0,4.0,4.0,6.0,9.0,10.0
11240570.0,29.0,103.0,48.0,24.0,440.0,53.0,51.0,19.0,10.0,17.0,6.0,18.0,24.0,8.0
11240580.0,29.0,103.0,48.0,24.0,440.0,53.0,51.0,19.0,10.0,17.0,6.0,18.0,24.0,8.0
11240590.0,29.0,103.0,48.0,24.0,440.0,53.0,51.0,19.0,10.0,17.0,6.0,18.0,24.0,8.0
11240600.0,7.0,55.0,25.0,16.0,138.0,12.0,8.0,8.0,8.0,8.0,5.0,11.0,15.0,4.0
11240610.0,25.0,106.0,60.0,29.0,186.0,59.0,33.0,12.0,6.0,10.0,8.0,26.0,19.0,3.0
11240620.0,25.0,106.0,60.0,29.0,186.0,59.0,33.0,12.0,6.0,10.0,8.0,26.0,19.0,3.0
11240630.0,17.0,103.0,49.0,31.0,254.0,36.0,27.0,14.0,7.0,5.0,8.0,10.0,17.0,6.0
11240640.0,18.0,86.0,31.0,20.0,145.0,20.0,13.0,5.0,10.0,0.0,5.0,12.0,13.0,2.0
11240650.0,32.0,151.0,72.0,43.0,461.0,38.0,75.0,25.0,16.0,12.0,7.0,27.0,21.0,13.0
11240660.0,32.0,151.0,72.0,43.0,461.0,38.0,75.0,25.0,16.0,12.0,7.0,27.0,21.0,13.0
11240670.0,32.0,151.0,72.0,43.0,461.0,38.0,75.0,25.0,16.0,12.0,7.0,27.0,21.0,13.0
11240680.0,49.0,169.0,78.0,44.0,500.0,64.0,79.0,46.0,8.0,5.0,22.0,31.0,30.0,10.0
11240690.0,65.0,211.0,96.0,56.0,553.0,73.0,85.0,57.0,11.0,5.0,24.0,47.0,40.0,12.0
11240710.0,55.0,184.0,81.0,41.0,437.0,59.0,46.0,24.0,15.0,10.0,43.0,50.0,24.0,16.0
11240750.0,15.0,53.0,34.0,20.0,149.0,36.0,23.0,17.0,5.0,8.0,3.0,29.0,5.0,0.0
11240770.0,15.0,53.0,34.0,20.0,149.0,36.0,23.0,17.0,5.0,8.0,3.0,29.0,5.0,0.0
11240780.0,55.0,184.0,81.0,41.0,437.0,59.0,46.0,24.0,15.0,10.0,43.0,50.0,24.0,16.0
11240790.0,55.0,184.0,81.0,41.0,437.0,59.0,46.0,24.0,15.0,10.0,43.0,50.0,24.0,16.0
11240800.0,55.0,184.0,81.0,41.0,437.0,59.0,46.0,24.0,15.0,10.0,43.0,50.0,24.0,16.0
11240810.0,65.0,211.0,96.0,56.0,553.0,73.0,85.0,57.0,11.0,5.0,24.0,47.0,40.0,12.0
11240820.0,22.0,114.0,40.0,29.0,155.0,14.0,14.0,17.0,15.0,2.0,7.0,25.0,22.0,5.0
11250530.0,25.0,104.0,59.0,33.0,169.0,26.0,18.0,11.0,13.0,2.0,21.0,26.0,21.0,4.0
11250540.0,25.0,104.0,59.0,33.0,169.0,26.0,18.0,11.0,13.0,2.0,21.0,26.0,21.0,4.0
11250550.0,11.0,71.0,27.0,21.0,91.0,12.0,12.0,7.0,13.0,0.0,5.0,18.0,14.0,2.0
11250560.0,11.0,71.0,27.0,21.0,91.0,12.0,12.0,7.0,13.0,0.0,5.0,18.0,14.0,2.0
11250580.0,29.0,146.0,35.0,26.0,199.0,14.0,26.0,17.0,19.0,3.0,10.0,23.0,34.0,11.0
11250590.0,29.0,146.0,35.0,26.0,199.0,14.0,26.0,17.0,19.0,3.0,10.0,23.0,34.0,11.0
11250610.0,36.0,214.0,85.0,36.0,505.0,46.0,49.0,40.0,29.0,9.0,37.0,37.0,68.0,15.0
11250630.0,36.0,214.0,85.0,36.0,505.0,46.0,49.0,40.0,29.0,9.0,37.0,37.0,68.0,15.0
11250650.0,44.0,201.0,72.0,38.0,478.0,54.0,45.0,33.0,26.0,16.0,32.0,36.0,62.0,10.0
11250660.0,44.0,201.0,72.0,38.0,478.0,54.0,45.0,33.0,26.0,16.0,32.0,36.0,62.0,10.0
11250670.0,44.0,201.0,72.0,38.0,478.0,54.0,45.0,33.0,26.0,16.0,32.0,36.0,62.0,10.0
11250700.0,11.0,57.0,17.0,12.0,105.0,11.0,5.0,4.0,5.0,3.0,5.0,7.0,13.0,2.0
11250710.0,11.0,57.0,17.0,12.0,105.0,11.0,5.0,4.0,5.0,3.0,5.0,7.0,13.0,2.0
11250720.0,29.0,146.0,35.0,26.0,199.0,14.0,26.0,17.0,19.0,3.0,10.0,23.0,34.0,11.0
11250730.0,36.0,214.0,85.0,36.0,505.0,46.0,49.0,40.0,29.0,9.0,37.0,37.0,68.0,15.0
11250740.0,22.0,129.0,36.0,30.0,320.0,15.0,26.0,26.0,12.0,4.0,14.0,17.0,37.0,12.0
11250750.0,0.0,25.0,6.0,9.0,22.0,2.0,6.0,2.0,4.0,0.0,4.0,8.0,16.0,1.0
11250760.0,3.0,23.0,15.0,10.0,86.0,11.0,6.0,13.0,5.0,2.0,11.0,11.0,16.0,1.0
11250770.0,3.0,23.0,15.0,10.0,86.0,11.0,6.0,13.0,5.0,2.0,11.0,11.0,16.0,1.0
