ADM_CD,행정동코드,total_all,solo_all,total_20,solo_20,total_30,solo_30,total_40,solo_40,total_50,solo_50,total_60,solo_60,total_70,solo_70,자치구,행정동명
11010530,1101053.0,8451.0,2081.0,1273.0,435.0,1535.0,480.0,1659.0,389.0,1637.0,256.0,1236.0,219.0,1111.0,302.0,종로구,사직동
11010540,1101054.0,2569.0,894.0,486.0,242.0,393.0,175.0,415.0,129.0,498.0,129.0,387.0,91.0,390.0,128.0,종로구,삼청동
11010550,1101055.0,9202.0,1563.0,1984.0,370.0,1330.0,320.0,1826.0,216.0,1758.0,167.0,1178.0,187.0,1126.0,303.0,종로구,부암동
11010560,1101056.0,15577.0,1633.0,2444.0,260.0,2194.0,247.0,3113.0,226.0,3400.0,233.0,2148.0,181.0,2278.0,486.0,종로구,평창동
11030740,1103074.0,19025.0,5428.0,2988.0,1198.0,4326.0,1544.0,3422.0,919.0,3398.0,589.0,2666.0,521.0,2225.0,657.0,용산구,한남동
11040520,1104052.0,13339.0,2342.0,2415.0,587.0,2517.0,470.0,2730.0,406.0,2607.0,276.0,1785.0,233.0,1285.0,370.0,성동구,왕십리2동
11040540,1104054.0,20419.0,4055.0,4363.0,1531.0,3546.0,795.0,3716.0,440.0,3884.0,365.0,2749.0,331.0,2161.0,593.0,성동구,마장동
11020680,1102068.0,7375.0,1347.0,1072.0,229.0,1455.0,254.0,1400.0,205.0,1403.0,168.0,1104.0,180.0,941.0,311.0,중구,중림동
11040730,1104073.0,18451.0,2332.0,2746.0,245.0,4327.0,555.0,3522.0,500.0,3376.0,289.0,2543.0,319.0,1937.0,424.0,성동구,옥수동
11020580,1102058.0,5796.0,2493.0,2159.0,1261.0,992.0,504.0,802.0,224.0,759.0,182.0,578.0,149.0,506.0,173.0,중구,장충동
11020590,1102059.0,6152.0,2499.0,1182.0,669.0,1238.0,606.0,1004.0,396.0,1165.0,288.0,982.0,308.0,581.0,232.0,중구,광희동
11040550,1104055.0,13656.0,5841.0,6326.0,4133.0,2079.0,842.0,1606.0,267.0,1550.0,187.0,1111.0,177.0,984.0,235.0,성동구,사근동
11030510,1103051.0,15213.0,3193.0,2591.0,556.0,3004.0,797.0,3056.0,541.0,2836.0,438.0,1973.0,364.0,1753.0,497.0,용산구,후암동
11030520,1103052.0,10663.0,2738.0,1831.0,679.0,2346.0,806.0,1890.0,354.0,1874.0,292.0,1454.0,270.0,1268.0,337.0,용산구,용산2가동
11030530,1103053.0,7009.0,2901.0,1017.0,566.0,1128.0,550.0,1336.0,493.0,1559.0,469.0,1158.0,466.0,811.0,357.0,용산구,남영동
11030570,1103057.0,12008.0,1767.0,1702.0,272.0,2333.0,416.0,2621.0,262.0,2341.0,220.0,1616.0,213.0,1395.0,384.0,용산구,원효로2동
11030580,1103058.0,7733.0,1195.0,1301.0,269.0,1466.0,293.0,1641.0,165.0,1449.0,149.0,920.0,130.0,956.0,189.0,용산구,효창동
11030590,1103059.0,10134.0,1652.0,1506.0,345.0,2090.0,372.0,2064.0,225.0,1898.0,200.0,1421.0,214.0,1155.0,296.0,용산구,용문동
11030650,1103065.0,6973.0,2348.0,1259.0,556.0,1532.0,636.0,1190.0,394.0,1207.0,230.0,914.0,217.0,871.0,315.0,용산구,이태원1동
11040590,1104059.0,10962.0,1561.0,1527.0,123.0,2084.0,289.0,2289.0,237.0,2138.0,251.0,1603.0,261.0,1321.0,400.0,성동구,금호1가동
11040620,1104062.0,12588.0,2029.0,1699.0,188.0,2815.0,435.0,2426.0,334.0,2233.0,308.0,1875.0,339.0,1540.0,425.0,성동구,금호4가동
11040650,1104065.0,13886.0,2593.0,2497.0,526.0,2834.0,697.0,2883.0,441.0,2859.0,322.0,1642.0,254.0,1171.0,353.0,성동구,성수1가1동
11040670,1104067.0,16709.0,3737.0,2951.0,705.0,3046.0,694.0,3074.0,590.0,3817.0,742.0,2260.0,493.0,1561.0,513.0,성동구,성수2가1동
11040690,1104069.0,10210.0,2709.0,1698.0,536.0,1971.0,512.0,1978.0,428.0,2291.0,547.0,1423.0,397.0,849.0,289.0,성동구,송정동
11040700,1104070.0,14706.0,4451.0,2503.0,1062.0,2566.0,1043.0,2996.0,661.0,3109.0,689.0,2030.0,511.0,1502.0,485.0,성동구,용답동
11080650,1108065.0,22339.0,2825.0,3461.0,509.0,4209.0,369.0,4582.0,397.0,4040.0,406.0,3245.0,448.0,2802.0,696.0,성북구,정릉4동
11080660,1108066.0,27812.0,1992.0,3530.0,155.0,6451.0,230.0,7421.0,395.0,4819.0,286.0,3078.0,333.0,2513.0,593.0,성북구,길음1동
11080810,1108081.0,14984.0,3250.0,2844.0,1061.0,2641.0,786.0,2783.0,417.0,2681.0,270.0,2044.0,273.0,1991.0,443.0,성북구,성북동
11080820,1108082.0,22647.0,5543.0,4947.0,2001.0,4127.0,1251.0,4429.0,676.0,3869.0,485.0,2738.0,421.0,2537.0,709.0,성북구,삼선동
11080830,1108083.0,14732.0,6162.0,4871.0,3477.0,2842.0,1287.0,2239.0,403.0,1919.0,273.0,1468.0,282.0,1393.0,440.0,성북구,동선동
11060720,1106072.0,13629.0,3663.0,3532.0,1651.0,2391.0,729.0,2204.0,295.0,2251.0,286.0,1804.0,305.0,1447.0,397.0,동대문구,휘경1동
11060890,1106089.0,29037.0,11454.0,9687.0,7240.0,4594.0,1481.0,4384.0,709.0,4295.0,555.0,3197.0,549.0,2880.0,920.0,동대문구,이문1동
11060900,1106090.0,18427.0,2552.0,3284.0,706.0,3253.0,335.0,3822.0,306.0,3508.0,354.0,2559.0,336.0,2001.0,515.0,동대문구,이문2동
11060910,1106091.0,24385.0,4118.0,4268.0,986.0,5344.0,971.0,4784.0,615.0,4477.0,473.0,3172.0,446.0,2340.0,627.0,동대문구,답십리1동
11070590,1107059.0,20821.0,2351.0,3680.0,297.0,3643.0,441.0,4342.0,277.0,4646.0,386.0,2597.0,387.0,1913.0,563.0,중랑구,상봉1동
11070610,1107061.0,17212.0,2388.0,2905.0,374.0,3464.0,476.0,2989.0,390.0,3644.0,402.0,2572.0,336.0,1638.0,410.0,중랑구,중화1동
11070690,1107069.0,31366.0,2644.0,5177.0,268.0,5939.0,310.0,5881.0,267.0,6468.0,476.0,4546.0,523.0,3355.0,800.0,중랑구,신내1동
11080720,1108072.0,17909.0,3767.0,3847.0,1567.0,3179.0,577.0,3264.0,368.0,3138.0,369.0,2389.0,371.0,2092.0,515.0,성북구,월곡2동
11050660,1105066.0,24256.0,2317.0,4114.0,354.0,4807.0,473.0,5004.0,366.0,5031.0,303.0,3112.0,262.0,2188.0,559.0,광진구,자양3동
11050610,1105061.0,20490.0,3141.0,3360.0,530.0,4059.0,661.0,4153.0,523.0,4023.0,444.0,2895.0,411.0,2000.0,572.0,광진구,구의2동
11090630,1109063.0,18662.0,3899.0,3109.0,534.0,3219.0,681.0,3352.0,480.0,3790.0,738.0,2906.0,646.0,2286.0,820.0,강북구,수유1동
11090690,1109069.0,24653.0,3709.0,3662.0,278.0,4376.0,611.0,4923.0,596.0,5004.0,694.0,3730.0,665.0,2958.0,865.0,강북구,삼양동
11090720,1109072.0,25277.0,5185.0,3868.0,634.0,4110.0,683.0,4685.0,813.0,5334.0,964.0,3973.0,907.0,3307.0,1184.0,강북구,송천동
11090730,1109073.0,24001.0,2148.0,3063.0,93.0,5097.0,264.0,6637.0,265.0,4281.0,423.0,2746.0,391.0,2177.0,712.0,강북구,삼각산동
11090740,1109074.0,17728.0,2714.0,2824.0,343.0,2730.0,322.0,3221.0,340.0,3509.0,511.0,2887.0,505.0,2557.0,693.0,강북구,우이동
11110520,1111052.0,22958.0,3561.0,3432.0,269.0,4073.0,395.0,4396.0,419.0,4585.0,636.0,3708.0,769.0,2764.0,1073.0,노원구,월계2동
11080620,1108062.0,15095.0,1838.0,2593.0,503.0,2793.0,252.0,3284.0,224.0,2746.0,204.0,1998.0,245.0,1681.0,410.0,성북구,정릉1동
11010570,1101057.0,6418.0,810.0,886.0,94.0,986.0,135.0,1549.0,101.0,1342.0,123.0,852.0,130.0,803.0,227.0,종로구,무악동
11010630,1101063.0,5152.0,2263.0,1135.0,761.0,725.0,394.0,850.0,301.0,1047.0,279.0,749.0,263.0,646.0,265.0,종로구,종로56가동
11010640,1101064.0,8434.0,3017.0,2555.0,1109.0,1624.0,781.0,1308.0,301.0,1272.0,239.0,908.0,260.0,767.0,327.0,종로구,이화동
11010670,1101067.0,6037.0,1666.0,995.0,212.0,927.0,314.0,1148.0,276.0,1462.0,305.0,912.0,300.0,593.0,259.0,종로구,창신1동
11010680,1101068.0,10053.0,1955.0,1821.0,224.0,1480.0,315.0,2071.0,341.0,2352.0,399.0,1363.0,317.0,966.0,359.0,종로구,창신2동
11020600,1102060.0,2257.0,1397.0,349.0,284.0,582.0,388.0,401.0,236.0,421.0,204.0,341.0,199.0,163.0,86.0,중구,을지로동
11120680,1112068.0,14206.0,2437.0,2058.0,281.0,2440.0,495.0,2505.0,338.0,3015.0,351.0,2237.0,396.0,1951.0,576.0,은평구,수색동
11120710,1112071.0,38799.0,5051.0,5336.0,1268.0,7248.0,1407.0,9853.0,685.0,7287.0,518.0,5111.0,457.0,3964.0,716.0,은평구,진관동
11120720,1112072.0,24485.0,5113.0,3930.0,803.0,4170.0,893.0,4507.0,759.0,4935.0,783.0,3779.0,833.0,3164.0,1042.0,은평구,불광2동
11120730,1112073.0,22136.0,5014.0,3489.0,701.0,3890.0,1013.0,4119.0,728.0,4336.0,898.0,3268.0,761.0,3034.0,913.0,은평구,응암3동
11130520,1113052.0,15804.0,2792.0,2594.0,467.0,2956.0,430.0,3306.0,393.0,2922.0,344.0,1969.0,333.0,2057.0,825.0,서대문구,천연동
11110590,1111059.0,18967.0,1696.0,3161.0,102.0,2895.0,231.0,4974.0,192.0,4062.0,274.0,1999.0,256.0,1876.0,641.0,노원구,하계2동
11130680,1113068.0,24541.0,4052.0,4521.0,1171.0,3901.0,649.0,4886.0,544.0,4820.0,519.0,3378.0,466.0,3035.0,703.0,서대문구,홍은2동
11130690,1113069.0,7695.0,783.0,768.0,95.0,1202.0,95.0,2136.0,112.0,1610.0,123.0,1094.0,151.0,885.0,207.0,서대문구,남가좌1동
11140610,1114061.0,13425.0,2674.0,2655.0,805.0,2487.0,456.0,2579.0,298.0,2453.0,323.0,1756.0,308.0,1495.0,484.0,마포구,염리동
11140710,1114071.0,16164.0,5003.0,3522.0,1768.0,3739.0,1613.0,2796.0,597.0,2509.0,296.0,1892.0,296.0,1706.0,433.0,마포구,연남동
11140720,1114072.0,17225.0,3785.0,3111.0,978.0,3788.0,1199.0,3539.0,592.0,2973.0,339.0,2103.0,290.0,1711.0,387.0,마포구,성산1동
11110720,1111072.0,18117.0,2017.0,2419.0,184.0,5601.0,604.0,4171.0,304.0,2714.0,182.0,1843.0,247.0,1369.0,496.0,노원구,상계8동
11110760,1111076.0,28597.0,4821.0,4200.0,474.0,4228.0,480.0,5495.0,557.0,5978.0,790.0,4615.0,901.0,4081.0,1619.0,노원구,상계34동
11150660,1115066.0,43175.0,4426.0,6371.0,361.0,8070.0,761.0,10132.0,696.0,8601.0,750.0,5834.0,799.0,4167.0,1059.0,양천구,신정3동
11230530,1123053.0,20406.0,5921.0,3556.0,1399.0,5093.0,2410.0,4002.0,1018.0,3245.0,441.0,2469.0,303.0,2041.0,350.0,강남구,논현2동
11160640,1116064.0,23120.0,7939.0,4384.0,2553.0,5433.0,2916.0,4106.0,1239.0,4094.0,416.0,3291.0,395.0,1812.0,420.0,강서구,가양1동
11160670,1116067.0,30994.0,2735.0,4534.0,243.0,6032.0,346.0,7551.0,403.0,5953.0,489.0,3977.0,518.0,2947.0,736.0,강서구,발산1동
11160690,1116069.0,19844.0,4124.0,3141.0,917.0,3944.0,833.0,4388.0,754.0,3589.0,574.0,2829.0,532.0,1953.0,514.0,강서구,공항동
11160700,1116070.0,33219.0,3696.0,4990.0,623.0,7321.0,830.0,6567.0,419.0,6445.0,507.0,4714.0,518.0,3182.0,799.0,강서구,방화1동
11160710,1116071.0,21224.0,4806.0,3468.0,904.0,3807.0,846.0,3530.0,650.0,4161.0,716.0,3536.0,726.0,2722.0,964.0,강서구,방화2동
11160720,1116072.0,22051.0,4447.0,3252.0,407.0,4406.0,709.0,3666.0,659.0,4308.0,667.0,3529.0,782.0,2890.0,1223.0,강서구,방화3동
11230600,1123060.0,14994.0,470.0,1978.0,64.0,1319.0,91.0,4885.0,64.0,3453.0,62.0,1894.0,50.0,1465.0,139.0,강남구,대치1동
11170510,1117051.0,29033.0,2587.0,4316.0,362.0,7037.0,790.0,5851.0,386.0,5229.0,282.0,3965.0,283.0,2635.0,484.0,구로구,신도림동
11170520,1117052.0,17303.0,1865.0,2759.0,397.0,4406.0,527.0,3530.0,346.0,3342.0,213.0,2103.0,170.0,1163.0,212.0,구로구,구로1동
11170540,1117054.0,23741.0,8521.0,5079.0,3011.0,6754.0,3360.0,4154.0,920.0,3464.0,383.0,2657.0,395.0,1633.0,452.0,구로구,구로3동
11170550,1117055.0,26394.0,5527.0,3925.0,943.0,5300.0,1272.0,4942.0,780.0,5808.0,897.0,3976.0,754.0,2443.0,881.0,구로구,구로4동
11170610,1117061.0,22893.0,2560.0,3506.0,283.0,3824.0,344.0,4188.0,369.0,4396.0,346.0,3906.0,428.0,3073.0,790.0,구로구,고척1동
11170620,1117062.0,24534.0,3094.0,3927.0,256.0,4419.0,458.0,5144.0,550.0,4913.0,598.0,3484.0,517.0,2647.0,715.0,구로구,고척2동
11180570,1118057.0,31500.0,5564.0,4934.0,894.0,6007.0,1101.0,6134.0,835.0,6731.0,919.0,4530.0,846.0,3164.0,969.0,금천구,시흥1동
11130720,1113072.0,30236.0,5036.0,4901.0,992.0,5545.0,1006.0,5982.0,748.0,5845.0,604.0,4355.0,672.0,3608.0,1014.0,서대문구,북가좌2동
11130730,1113073.0,16671.0,3865.0,3601.0,1265.0,2805.0,774.0,2969.0,489.0,3142.0,417.0,2126.0,350.0,2028.0,570.0,서대문구,충현동
11130740,1113074.0,10651.0,1855.0,1590.0,320.0,2123.0,301.0,2245.0,288.0,2000.0,267.0,1530.0,296.0,1163.0,383.0,서대문구,북아현동
11130750,1113075.0,22731.0,10828.0,12125.0,7028.0,3691.0,2173.0,2057.0,563.0,1919.0,347.0,1565.0,327.0,1374.0,390.0,서대문구,신촌동
11180610,1118061.0,18944.0,3618.0,2893.0,215.0,3006.0,448.0,3745.0,540.0,4042.0,855.0,2912.0,699.0,2346.0,861.0,금천구,시흥5동
11150540,1115054.0,21033.0,2373.0,3596.0,290.0,3132.0,535.0,5629.0,400.0,4311.0,329.0,2541.0,322.0,1824.0,497.0,양천구,목4동
11190560,1119056.0,29209.0,7394.0,6618.0,2900.0,7136.0,2694.0,4830.0,728.0,4814.0,318.0,3399.0,283.0,2412.0,471.0,영등포구,당산2동
11190610,1119061.0,13939.0,3508.0,2252.0,943.0,3867.0,1160.0,2561.0,446.0,2157.0,291.0,1729.0,273.0,1373.0,395.0,영등포구,양평1동
11190620,1119062.0,17751.0,3242.0,3202.0,934.0,4270.0,1154.0,3581.0,435.0,3032.0,225.0,2136.0,186.0,1530.0,308.0,영등포구,양평2동
11190630,1119063.0,20082.0,6491.0,3652.0,1836.0,3737.0,1583.0,3573.0,802.0,4053.0,803.0,2808.0,680.0,2259.0,787.0,영등포구,신길1동
11190680,1119068.0,20204.0,3797.0,3325.0,975.0,3762.0,972.0,3763.0,491.0,4397.0,425.0,3020.0,377.0,1937.0,557.0,영등포구,신길6동
11190690,1119069.0,11998.0,1355.0,2146.0,308.0,2337.0,295.0,2619.0,228.0,2308.0,174.0,1535.0,148.0,1053.0,202.0,영등포구,신길7동
11140700,1114070.0,16348.0,2499.0,2677.0,543.0,3607.0,630.0,3504.0,426.0,2775.0,244.0,2112.0,243.0,1673.0,413.0,마포구,망원2동
11190720,1119072.0,27532.0,4169.0,4347.0,485.0,5192.0,756.0,5383.0,796.0,6437.0,870.0,3829.0,595.0,2344.0,667.0,영등포구,대림3동
11190730,1119073.0,22962.0,3865.0,3579.0,576.0,4509.0,814.0,4401.0,556.0,5061.0,715.0,3393.0,624.0,2019.0,580.0,영등포구,영등포본동
11190740,1119074.0,21759.0,9669.0,4912.0,3379.0,6185.0,3433.0,3395.0,1085.0,3180.0,653.0,2398.0,561.0,1689.0,558.0,영등포구,영등포동
11190750,1119075.0,20691.0,4841.0,3455.0,938.0,4482.0,1213.0,3889.0,836.0,4285.0,712.0,2783.0,541.0,1797.0,601.0,영등포구,도림동
11190760,1119076.0,27044.0,3376.0,3381.0,557.0,6160.0,971.0,5968.0,493.0,4725.0,295.0,3584.0,323.0,3226.0,737.0,영등포구,문래동
11200520,1120052.0,13404.0,3768.0,2705.0,911.0,2348.0,825.0,2225.0,538.0,2706.0,515.0,1900.0,450.0,1520.0,529.0,동작구,노량진2동
11200530,1120053.0,40550.0,9081.0,10755.0,4950.0,8216.0,1601.0,6661.0,676.0,6398.0,420.0,4691.0,467.0,3829.0,967.0,동작구,상도1동
11200540,1120054.0,20685.0,3467.0,4013.0,1197.0,4492.0,775.0,3673.0,357.0,3578.0,319.0,2778.0,307.0,2151.0,512.0,동작구,상도2동
11200550,1120055.0,20893.0,4367.0,3753.0,1251.0,4463.0,1226.0,3800.0,578.0,3683.0,422.0,2890.0,392.0,2304.0,498.0,동작구,상도3동
11200560,1120056.0,24438.0,4548.0,4328.0,1077.0,5156.0,1251.0,4492.0,581.0,4569.0,491.0,3339.0,467.0,2554.0,681.0,동작구,상도4동
11200680,1120068.0,31421.0,6309.0,6128.0,2090.0,5681.0,1652.0,7149.0,735.0,5572.0,430.0,3843.0,543.0,3048.0,859.0,동작구,대방동
11200700,1120070.0,16787.0,3502.0,2791.0,1157.0,3610.0,957.0,3627.0,411.0,2928.0,319.0,2130.0,275.0,1701.0,383.0,동작구,신대방2동
11200710,1120071.0,32138.0,5438.0,9116.0,2573.0,5338.0,769.0,5106.0,441.0,5247.0,375.0,3858.0,426.0,3473.0,854.0,동작구,흑석동
11200720,1120072.0,31496.0,6229.0,6476.0,2036.0,7433.0,1622.0,4847.0,611.0,5442.0,478.0,4007.0,561.0,3291.0,921.0,동작구,노량진1동
11200730,1120073.0,25897.0,3505.0,4118.0,596.0,5575.0,831.0,4218.0,517.0,4988.0,370.0,3910.0,438.0,3088.0,753.0,동작구,사당2동
11210520,1121052.0,22305.0,5568.0,4127.0,1767.0,4686.0,1487.0,3652.0,601.0,4057.0,508.0,3262.0,495.0,2521.0,710.0,관악구,보라매동
11160540,1116054.0,29387.0,5787.0,5144.0,353.0,4942.0,747.0,4995.0,619.0,6435.0,1172.0,4207.0,1117.0,3664.0,1779.0,강서구,등촌3동
11210820,1121082.0,23080.0,3825.0,3330.0,242.0,3622.0,580.0,4229.0,553.0,4855.0,650.0,3901.0,694.0,3143.0,1106.0,관악구,삼성동
11210830,1121083.0,27986.0,4580.0,4805.0,1077.0,5141.0,1043.0,5148.0,699.0,5663.0,575.0,4412.0,584.0,2817.0,602.0,관악구,미성동
11220660,1122066.0,35477.0,5494.0,5267.0,858.0,8574.0,1678.0,7187.0,776.0,6192.0,706.0,4973.0,705.0,3284.0,771.0,서초구,양재1동
11220670,1122067.0,20018.0,4694.0,3344.0,947.0,4778.0,1449.0,3803.0,846.0,3467.0,531.0,2768.0,470.0,1858.0,451.0,서초구,양재2동
11220680,1122068.0,13790.0,1650.0,1946.0,255.0,3356.0,371.0,2437.0,212.0,2406.0,226.0,2093.0,247.0,1552.0,339.0,서초구,내곡동
11230760,1123076.0,31382.0,5163.0,4493.0,882.0,7614.0,1711.0,6543.0,680.0,5374.0,528.0,4093.0,502.0,3265.0,860.0,강남구,세곡동
11180510,1118051.0,23090.0,10564.0,5114.0,3746.0,5090.0,3135.0,3885.0,1599.0,4619.0,863.0,2846.0,643.0,1536.0,578.0,금천구,가산동
11240810,1124081.0,27713.0,3473.0,4477.0,356.0,5858.0,716.0,5753.0,578.0,5621.0,623.0,3539.0,511.0,2465.0,689.0,송파구,장지동
11240820,1124082.0,21639.0,1491.0,2082.0,105.0,4252.0,169.0,7029.0,343.0,4225.0,313.0,2630.0,296.0,1421.0,265.0,송파구,위례동
11220520,1122052.0,17324.0,3858.0,2606.0,912.0,3900.0,1371.0,4064.0,679.0,3092.0,312.0,2155.0,285.0,1507.0,299.0,서초구,서초2동
11210660,1121066.0,22447.0,9118.0,5854.0,3726.0,5301.0,2803.0,3344.0,1049.0,3277.0,595.0,2641.0,503.0,2030.0,442.0,관악구,서림동
11210680,1121068.0,23936.0,8425.0,4881.0,3022.0,4901.0,2396.0,4522.0,1016.0,4679.0,810.0,2988.0,587.0,1965.0,594.0,관악구,신사동
11220560,1122056.0,8722.0,673.0,1022.0,75.0,1063.0,211.0,2916.0,135.0,1549.0,62.0,1174.0,76.0,998.0,114.0,서초구,반포본동
11240590,1124059.0,14416.0,635.0,2650.0,129.0,1619.0,110.0,3716.0,82.0,3256.0,86.0,2092.0,64.0,1083.0,164.0,송파구,오륜동
11230520,1123052.0,22007.0,9510.0,4834.0,2734.0,6409.0,3776.0,3760.0,1588.0,3049.0,595.0,2293.0,442.0,1662.0,375.0,강남구,논현1동
11150600,1115060.0,15273.0,1343.0,2225.0,113.0,3410.0,220.0,2967.0,165.0,3050.0,252.0,2297.0,277.0,1324.0,316.0,양천구,신월4동
11080630,1108063.0,19420.0,2151.0,3146.0,419.0,3494.0,347.0,3745.0,269.0,3724.0,267.0,2944.0,312.0,2367.0,537.0,성북구,정릉2동
11080640,1108064.0,15879.0,3564.0,4811.0,1993.0,2245.0,357.0,2310.0,206.0,2554.0,247.0,2054.0,265.0,1905.0,496.0,성북구,정릉3동
11080780,1108078.0,12068.0,1497.0,1777.0,318.0,1886.0,169.0,2640.0,212.0,2507.0,258.0,1895.0,251.0,1363.0,289.0,성북구,장위3동
11010690,1101069.0,6373.0,1014.0,1144.0,165.0,1068.0,194.0,1300.0,184.0,1380.0,153.0,827.0,137.0,654.0,181.0,종로구,창신3동
11010700,1101070.0,6106.0,1489.0,1041.0,220.0,1127.0,379.0,1211.0,219.0,1228.0,211.0,855.0,194.0,644.0,266.0,종로구,숭인1동
11010710,1101071.0,9115.0,3503.0,1821.0,1082.0,1701.0,815.0,1503.0,434.0,1721.0,356.0,1412.0,412.0,957.0,404.0,종로구,숭인2동
11010720,1101072.0,10880.0,1739.0,1680.0,296.0,2058.0,463.0,2464.0,271.0,1919.0,176.0,1338.0,173.0,1421.0,360.0,종로구,청운효자동
11010730,1101073.0,18992.0,7119.0,7136.0,4678.0,3123.0,1055.0,2767.0,442.0,2507.0,264.0,1688.0,208.0,1771.0,472.0,종로구,혜화동
11020520,1102052.0,2094.0,924.0,227.0,132.0,481.0,239.0,548.0,217.0,389.0,164.0,298.0,120.0,151.0,52.0,중구,소공동
11020540,1102054.0,4706.0,1364.0,607.0,182.0,700.0,273.0,787.0,284.0,1171.0,230.0,874.0,221.0,567.0,174.0,중구,회현동
11020550,1102055.0,3727.0,1505.0,526.0,350.0,593.0,312.0,767.0,303.0,812.0,229.0,616.0,186.0,413.0,125.0,중구,명동
11020570,1102057.0,4465.0,1901.0,1336.0,723.0,734.0,326.0,607.0,245.0,734.0,218.0,563.0,198.0,491.0,191.0,중구,필동
11020650,1102065.0,8646.0,2072.0,1375.0,430.0,1638.0,482.0,1767.0,367.0,1744.0,306.0,1146.0,230.0,976.0,257.0,중구,신당5동
11030690,1103069.0,10900.0,1570.0,1545.0,251.0,1656.0,324.0,2645.0,242.0,2124.0,139.0,1481.0,184.0,1449.0,430.0,용산구,서빙고동
11030700,1103070.0,14430.0,4180.0,2589.0,799.0,2747.0,1020.0,2771.0,642.0,2778.0,589.0,1904.0,483.0,1641.0,647.0,용산구,보광동
11030710,1103071.0,18874.0,6032.0,4892.0,2465.0,3456.0,1341.0,3316.0,753.0,3140.0,470.0,2127.0,435.0,1943.0,568.0,용산구,청파동
11030720,1103072.0,11410.0,2404.0,2049.0,671.0,2914.0,727.0,2176.0,386.0,1972.0,199.0,1329.0,180.0,970.0,241.0,용산구,원효로1동
11030730,1103073.0,17463.0,4892.0,3126.0,969.0,4172.0,1902.0,3139.0,955.0,3136.0,365.0,2271.0,286.0,1619.0,415.0,용산구,한강로동
11020670,1102067.0,11182.0,3410.0,2001.0,978.0,2539.0,866.0,1949.0,506.0,2096.0,360.0,1575.0,335.0,1022.0,365.0,중구,황학동
11020690,1102069.0,15779.0,5699.0,1833.0,832.0,3949.0,1712.0,4253.0,1603.0,3012.0,629.0,1796.0,526.0,936.0,397.0,중구,신당동
11020700,1102070.0,13181.0,2652.0,2436.0,722.0,2603.0,655.0,2458.0,348.0,2430.0,290.0,1759.0,252.0,1495.0,385.0,중구,다산동
11020710,1102071.0,15524.0,2648.0,2254.0,352.0,2908.0,398.0,2825.0,349.0,3062.0,374.0,2347.0,419.0,2128.0,756.0,중구,약수동
11150640,1115064.0,13481.0,936.0,1995.0,78.0,1784.0,127.0,3822.0,128.0,2972.0,171.0,1711.0,148.0,1197.0,284.0,양천구,신정1동
11020720,1102072.0,13238.0,2316.0,2097.0,382.0,2414.0,392.0,2362.0,287.0,2468.0,264.0,2040.0,389.0,1857.0,602.0,중구,청구동
11150720,1115072.0,30169.0,6030.0,5124.0,1186.0,6565.0,1509.0,5361.0,970.0,5774.0,776.0,4421.0,723.0,2924.0,866.0,양천구,신정4동
11020730,1102073.0,9165.0,1014.0,1528.0,145.0,1630.0,207.0,1876.0,180.0,1936.0,129.0,1202.0,129.0,993.0,224.0,중구,동화동
11030630,1103063.0,19819.0,1578.0,2314.0,96.0,3788.0,164.0,4979.0,280.0,3603.0,148.0,2507.0,200.0,2628.0,690.0,용산구,이촌1동
11030640,1103064.0,7634.0,1163.0,1028.0,171.0,1505.0,234.0,1333.0,209.0,1538.0,134.0,1215.0,121.0,1015.0,294.0,용산구,이촌2동
11030660,1103066.0,8784.0,2507.0,1435.0,596.0,2015.0,712.0,1572.0,398.0,1466.0,202.0,1148.0,195.0,1148.0,404.0,용산구,이태원2동
11040560,1104056.0,12024.0,2248.0,2621.0,718.0,2210.0,417.0,2122.0,293.0,2290.0,224.0,1541.0,230.0,1240.0,366.0,성동구,행당1동
11040570,1104057.0,21007.0,2239.0,2808.0,140.0,4319.0,372.0,4662.0,282.0,3900.0,301.0,2902.0,380.0,2416.0,764.0,성동구,행당2동
11040580,1104058.0,12856.0,1303.0,1700.0,134.0,2611.0,288.0,3096.0,232.0,2255.0,166.0,1693.0,173.0,1501.0,310.0,성동구,응봉동
11040660,1104066.0,14550.0,3169.0,2783.0,971.0,3310.0,922.0,2720.0,420.0,2822.0,315.0,1703.0,225.0,1212.0,316.0,성동구,성수1가2동
11040680,1104068.0,11301.0,2652.0,1928.0,707.0,2182.0,653.0,1812.0,362.0,2168.0,271.0,1742.0,268.0,1469.0,391.0,성동구,성수2가3동
11040710,1104071.0,18212.0,3054.0,3305.0,741.0,3640.0,752.0,3495.0,433.0,3427.0,336.0,2339.0,308.0,2006.0,484.0,성동구,왕십리도선동
11140740,1114074.0,24081.0,4236.0,3576.0,1169.0,5255.0,1246.0,6459.0,615.0,3993.0,384.0,2597.0,305.0,2201.0,517.0,마포구,상암동
11140770,1114077.0,31683.0,6370.0,5626.0,1564.0,6418.0,1491.0,6173.0,900.0,6052.0,622.0,3882.0,657.0,3532.0,1136.0,마포구,공덕동
11180520,1118052.0,31290.0,8040.0,5584.0,2356.0,6510.0,2217.0,5611.0,996.0,5600.0,686.0,4572.0,776.0,3413.0,1009.0,금천구,독산1동
11040720,1104072.0,18167.0,2533.0,2718.0,276.0,4047.0,612.0,3565.0,511.0,3313.0,271.0,2443.0,318.0,2081.0,545.0,성동구,금호23가동
11050530,1105053.0,25710.0,15170.0,12177.0,9295.0,4937.0,3378.0,2563.0,949.0,2613.0,603.0,1899.0,436.0,1521.0,509.0,광진구,화양동
11050540,1105054.0,20496.0,7039.0,6301.0,3269.0,4127.0,1588.0,3041.0,617.0,3276.0,643.0,2191.0,456.0,1560.0,466.0,광진구,군자동
11160520,1116052.0,19502.0,5387.0,4038.0,1667.0,4701.0,1824.0,3318.0,646.0,3093.0,280.0,2428.0,324.0,1924.0,646.0,강서구,등촌1동
11050550,1105055.0,13782.0,3469.0,2558.0,769.0,3008.0,898.0,2403.0,545.0,2744.0,537.0,1835.0,380.0,1234.0,340.0,광진구,중곡1동
11110730,1111073.0,18072.0,2012.0,2737.0,162.0,3558.0,323.0,4285.0,298.0,3631.0,331.0,2223.0,289.0,1638.0,609.0,노원구,상계9동
11050560,1105056.0,18748.0,4044.0,3582.0,981.0,3916.0,1105.0,3425.0,541.0,3617.0,515.0,2480.0,429.0,1728.0,473.0,광진구,중곡2동
11110610,1111061.0,19270.0,1319.0,2997.0,127.0,1801.0,130.0,7131.0,163.0,4189.0,227.0,1783.0,196.0,1369.0,476.0,노원구,중계1동
11050570,1105057.0,14835.0,3768.0,2690.0,645.0,2889.0,829.0,2849.0,681.0,3097.0,676.0,1968.0,490.0,1342.0,447.0,광진구,중곡3동
11050580,1105058.0,25713.0,4050.0,4394.0,542.0,4891.0,819.0,5125.0,706.0,5199.0,695.0,3602.0,578.0,2502.0,710.0,광진구,중곡4동
11050590,1105059.0,10083.0,3451.0,2234.0,1150.0,2776.0,1203.0,1589.0,412.0,1500.0,250.0,1135.0,236.0,849.0,200.0,광진구,능동
11050600,1105060.0,19973.0,6564.0,4263.0,1926.0,4552.0,2025.0,3580.0,1026.0,3553.0,666.0,2295.0,477.0,1730.0,444.0,광진구,구의1동
11050620,1105062.0,23716.0,3338.0,4278.0,823.0,4691.0,972.0,4811.0,461.0,4888.0,347.0,2969.0,299.0,2079.0,436.0,광진구,구의3동
11240710,1124071.0,25660.0,7421.0,4999.0,1922.0,6302.0,2743.0,4652.0,1155.0,4638.0,627.0,3085.0,472.0,1984.0,502.0,송파구,잠실본동
11050630,1105063.0,26348.0,1470.0,4113.0,154.0,4408.0,265.0,7985.0,203.0,4989.0,217.0,2696.0,188.0,2157.0,443.0,광진구,광장동
11050640,1105064.0,20148.0,5092.0,3960.0,1449.0,4260.0,1341.0,3700.0,640.0,3905.0,610.0,2477.0,484.0,1846.0,568.0,광진구,자양1동
11050650,1105065.0,22204.0,3471.0,3743.0,592.0,4760.0,995.0,4384.0,575.0,4467.0,483.0,3018.0,377.0,1832.0,449.0,광진구,자양2동
11240750,1124075.0,22578.0,1249.0,3262.0,172.0,5538.0,268.0,4659.0,153.0,4300.0,148.0,3126.0,176.0,1693.0,332.0,송파구,잠실4동
11050670,1105067.0,25575.0,6284.0,4635.0,1398.0,4442.0,1164.0,4574.0,1099.0,6061.0,1161.0,3726.0,833.0,2137.0,629.0,광진구,자양4동
11240770,1124077.0,13738.0,858.0,2194.0,117.0,2413.0,155.0,2646.0,117.0,2891.0,114.0,2146.0,112.0,1448.0,243.0,송파구,잠실6동
11060710,1106071.0,12324.0,5697.0,5611.0,3750.0,2035.0,888.0,1415.0,254.0,1342.0,243.0,1003.0,255.0,918.0,307.0,동대문구,회기동
11060730,1106073.0,21226.0,5007.0,5025.0,2700.0,3678.0,799.0,3870.0,324.0,3703.0,338.0,2773.0,332.0,2177.0,514.0,동대문구,휘경2동
11060800,1106080.0,20005.0,3811.0,2999.0,390.0,2997.0,444.0,3120.0,378.0,4240.0,616.0,3486.0,753.0,3163.0,1230.0,동대문구,청량리동
11060810,1106081.0,27171.0,8632.0,5268.0,2690.0,5125.0,1875.0,4421.0,1105.0,5175.0,989.0,3903.0,900.0,3279.0,1073.0,동대문구,용신동
11060820,1106082.0,24028.0,6468.0,5184.0,2279.0,4030.0,932.0,3615.0,606.0,4367.0,694.0,3595.0,783.0,3237.0,1174.0,동대문구,제기동
11060830,1106083.0,24767.0,5283.0,5002.0,1739.0,4143.0,671.0,4405.0,528.0,4734.0,622.0,3486.0,687.0,2997.0,1036.0,동대문구,전농1동
11060840,1106084.0,17444.0,1905.0,3121.0,298.0,2959.0,237.0,3571.0,246.0,3368.0,333.0,2397.0,311.0,2028.0,480.0,동대문구,전농2동
11060860,1106086.0,21598.0,2996.0,3139.0,287.0,3624.0,497.0,4390.0,416.0,4455.0,486.0,3297.0,481.0,2693.0,829.0,동대문구,답십리2동
11240780,1124078.0,7877.0,534.0,1043.0,79.0,1126.0,140.0,1601.0,90.0,1588.0,50.0,1423.0,53.0,1096.0,122.0,송파구,잠실7동
11060870,1106087.0,30996.0,5261.0,4731.0,1096.0,6517.0,1213.0,5618.0,733.0,5984.0,666.0,4829.0,681.0,3317.0,872.0,동대문구,장안1동
11060880,1106088.0,26844.0,3517.0,3655.0,352.0,5254.0,722.0,5678.0,574.0,5056.0,571.0,4085.0,545.0,3116.0,753.0,동대문구,장안2동
11070520,1107052.0,22596.0,4308.0,3687.0,416.0,4123.0,745.0,4555.0,737.0,4727.0,959.0,3138.0,706.0,2366.0,745.0,중랑구,면목2동
11070540,1107054.0,18204.0,3039.0,3159.0,439.0,3475.0,648.0,3503.0,406.0,3494.0,509.0,2746.0,492.0,1827.0,545.0,중랑구,면목4동
11240790,1124079.0,24539.0,1333.0,2717.0,115.0,5183.0,407.0,7968.0,191.0,4632.0,146.0,2364.0,147.0,1675.0,327.0,송파구,잠실2동
11070550,1107055.0,9747.0,1887.0,1578.0,230.0,1720.0,321.0,1893.0,372.0,2116.0,328.0,1418.0,297.0,1022.0,339.0,중랑구,면목5동
11070570,1107057.0,20224.0,3936.0,3367.0,552.0,3708.0,744.0,3583.0,653.0,4219.0,707.0,3105.0,584.0,2242.0,696.0,중랑구,면목7동
11070600,1107060.0,15880.0,5247.0,3018.0,1262.0,3384.0,1399.0,2603.0,798.0,3081.0,696.0,2239.0,570.0,1555.0,522.0,중랑구,상봉2동
11070620,1107062.0,24681.0,6689.0,3943.0,751.0,4101.0,1050.0,4508.0,1101.0,5730.0,1603.0,3694.0,1145.0,2705.0,1039.0,중랑구,중화2동
11070640,1107064.0,27690.0,3542.0,4651.0,687.0,5357.0,796.0,5533.0,497.0,5527.0,481.0,3890.0,430.0,2732.0,651.0,중랑구,묵1동
11070650,1107065.0,16318.0,3304.0,2722.0,638.0,3178.0,699.0,2920.0,494.0,3258.0,480.0,2523.0,452.0,1717.0,541.0,중랑구,묵2동
11110560,1111056.0,37019.0,5443.0,8854.0,2502.0,6494.0,685.0,7786.0,482.0,6784.0,553.0,4176.0,473.0,2925.0,748.0,노원구,공릉2동
11070680,1107068.0,15123.0,3027.0,2441.0,295.0,2541.0,383.0,2993.0,496.0,3227.0,682.0,2216.0,590.0,1705.0,581.0,중랑구,망우3동
11070700,1107070.0,20472.0,2671.0,2931.0,169.0,4025.0,387.0,4121.0,351.0,4178.0,479.0,3000.0,494.0,2217.0,791.0,중랑구,신내2동
11070710,1107071.0,30493.0,6920.0,5371.0,1113.0,5816.0,1389.0,5843.0,1211.0,6150.0,1285.0,4355.0,1001.0,2958.0,921.0,중랑구,면목본동
11070720,1107072.0,23899.0,5051.0,4201.0,755.0,4244.0,964.0,4451.0,862.0,5042.0,948.0,3485.0,726.0,2476.0,796.0,중랑구,면목38동
11070730,1107073.0,28169.0,5604.0,4617.0,810.0,4814.0,842.0,4901.0,811.0,6221.0,1141.0,4426.0,975.0,3190.0,1025.0,중랑구,망우본동
11080580,1108058.0,13605.0,1670.0,2374.0,262.0,2279.0,258.0,2775.0,198.0,2776.0,236.0,1923.0,282.0,1478.0,434.0,성북구,돈암1동
11080590,1108059.0,17539.0,1228.0,2583.0,96.0,3116.0,190.0,4437.0,162.0,3478.0,175.0,2124.0,155.0,1801.0,450.0,성북구,돈암2동
11080600,1108060.0,17164.0,7965.0,7514.0,5424.0,2495.0,1033.0,2212.0,504.0,2145.0,308.0,1417.0,263.0,1381.0,433.0,성북구,안암동
11080610,1108061.0,12506.0,3042.0,2459.0,950.0,2362.0,544.0,2375.0,404.0,2320.0,385.0,1597.0,277.0,1393.0,482.0,성북구,보문동
11080680,1108068.0,13861.0,1844.0,2150.0,267.0,2382.0,284.0,2842.0,337.0,2925.0,207.0,2012.0,258.0,1550.0,491.0,성북구,길음2동
11110790,1111079.0,32398.0,7498.0,6797.0,3056.0,6252.0,1232.0,5532.0,821.0,6112.0,700.0,4610.0,761.0,3095.0,928.0,노원구,공릉1동
11080710,1108071.0,21923.0,2284.0,3039.0,298.0,4343.0,307.0,4803.0,268.0,4159.0,395.0,3201.0,445.0,2378.0,571.0,성북구,월곡1동
11080760,1108076.0,18873.0,2762.0,3066.0,391.0,2939.0,373.0,3800.0,360.0,4039.0,539.0,2847.0,504.0,2182.0,595.0,성북구,장위1동
11080770,1108077.0,17112.0,3033.0,2700.0,453.0,2770.0,426.0,3185.0,454.0,3545.0,537.0,2727.0,494.0,2185.0,669.0,성북구,장위2동
11120520,1112052.0,33830.0,5210.0,5219.0,771.0,6632.0,1010.0,6565.0,708.0,6570.0,681.0,4697.0,788.0,4147.0,1252.0,은평구,불광1동
11080840,1108084.0,34162.0,5976.0,6801.0,2190.0,6223.0,901.0,7101.0,598.0,6157.0,599.0,4159.0,552.0,3721.0,1136.0,성북구,종암동
11080850,1108085.0,30249.0,5223.0,5556.0,1354.0,5317.0,796.0,5312.0,693.0,6026.0,755.0,4557.0,692.0,3481.0,933.0,성북구,석관동
11090600,1109060.0,17208.0,5021.0,3051.0,1148.0,3260.0,1170.0,3258.0,853.0,3207.0,701.0,2499.0,602.0,1933.0,547.0,강북구,번1동
11090610,1109061.0,15381.0,2580.0,2269.0,184.0,2586.0,345.0,2880.0,320.0,2992.0,393.0,2551.0,533.0,2103.0,805.0,강북구,번2동
11090620,1109062.0,16840.0,2608.0,2147.0,107.0,2765.0,210.0,3136.0,222.0,2984.0,332.0,2932.0,618.0,2876.0,1119.0,강북구,번3동
11090640,1109064.0,18532.0,2718.0,2753.0,291.0,3004.0,381.0,3357.0,377.0,3761.0,476.0,3016.0,466.0,2641.0,727.0,강북구,수유2동
11090650,1109065.0,20331.0,5672.0,3659.0,1414.0,3747.0,1116.0,3507.0,832.0,3901.0,864.0,3042.0,696.0,2475.0,750.0,강북구,수유3동
11090710,1109071.0,26245.0,5297.0,4238.0,1021.0,4476.0,918.0,4686.0,693.0,5313.0,798.0,4200.0,841.0,3332.0,1026.0,강북구,송중동
11100510,1110051.0,18781.0,2608.0,3684.0,494.0,2858.0,386.0,3482.0,310.0,3741.0,402.0,2692.0,390.0,2324.0,626.0,도봉구,쌍문1동
11100520,1110052.0,17463.0,2840.0,2929.0,366.0,3037.0,402.0,3228.0,430.0,3481.0,486.0,2592.0,426.0,2196.0,730.0,도봉구,쌍문2동
11100530,1110053.0,15151.0,3103.0,2735.0,731.0,2808.0,563.0,2704.0,393.0,2926.0,447.0,2200.0,445.0,1778.0,524.0,도봉구,쌍문3동
11100540,1110054.0,17235.0,1499.0,2817.0,148.0,2483.0,206.0,3577.0,226.0,3794.0,271.0,2741.0,264.0,1823.0,384.0,도봉구,쌍문4동
11100550,1110055.0,26858.0,4061.0,4329.0,412.0,4015.0,576.0,4975.0,603.0,5792.0,774.0,4262.0,710.0,3485.0,986.0,도봉구,방학1동
11100560,1110056.0,18049.0,3220.0,2825.0,188.0,2763.0,351.0,3707.0,602.0,3785.0,673.0,2761.0,606.0,2208.0,800.0,도봉구,방학2동
11100570,1110057.0,24062.0,1723.0,3939.0,83.0,3544.0,184.0,5044.0,183.0,5556.0,310.0,3396.0,301.0,2583.0,662.0,도봉구,방학3동
11100590,1110059.0,21401.0,3283.0,3203.0,388.0,3865.0,477.0,4563.0,579.0,4143.0,495.0,3053.0,473.0,2574.0,871.0,도봉구,창1동
11100600,1110060.0,25078.0,3264.0,4282.0,371.0,4797.0,573.0,4968.0,548.0,5046.0,539.0,3403.0,505.0,2582.0,728.0,도봉구,창2동
11100610,1110061.0,12790.0,2275.0,1984.0,234.0,2182.0,357.0,2579.0,414.0,2631.0,429.0,1886.0,375.0,1528.0,466.0,도봉구,창3동
11100620,1110062.0,23999.0,2438.0,3799.0,171.0,4182.0,498.0,5420.0,429.0,5114.0,371.0,3030.0,328.0,2454.0,641.0,도봉구,창4동
11100630,1110063.0,21815.0,2377.0,3679.0,283.0,3980.0,454.0,4101.0,335.0,4691.0,347.0,3184.0,355.0,2180.0,603.0,도봉구,창5동
11130700,1113070.0,24294.0,4743.0,5198.0,1761.0,3764.0,528.0,4653.0,456.0,4349.0,506.0,3329.0,565.0,3001.0,927.0,서대문구,남가좌2동
11130710,1113071.0,13060.0,1244.0,1916.0,149.0,2685.0,249.0,2940.0,132.0,2479.0,188.0,1713.0,208.0,1327.0,318.0,서대문구,북가좌1동
11100640,1110064.0,19580.0,3571.0,2880.0,264.0,2856.0,429.0,3239.0,389.0,4042.0,711.0,3591.0,781.0,2972.0,997.0,도봉구,도봉1동
11100650,1110065.0,24236.0,2985.0,3366.0,211.0,4254.0,443.0,4069.0,383.0,5095.0,503.0,4281.0,580.0,3171.0,865.0,도봉구,도봉2동
11110510,1111051.0,19995.0,3595.0,4349.0,1446.0,3373.0,353.0,3222.0,253.0,3498.0,379.0,2977.0,449.0,2576.0,715.0,노원구,월계1동
11110530,1111053.0,28026.0,3735.0,3986.0,227.0,6119.0,603.0,5373.0,481.0,5298.0,576.0,4117.0,680.0,3133.0,1168.0,노원구,월계3동
11110580,1111058.0,23948.0,3621.0,4409.0,417.0,2996.0,427.0,5386.0,375.0,5384.0,554.0,3189.0,634.0,2584.0,1214.0,노원구,하계1동
11110600,1111060.0,20080.0,1413.0,3360.0,130.0,2033.0,191.0,6242.0,194.0,4817.0,225.0,1981.0,189.0,1647.0,484.0,노원구,중계본동
11110640,1111064.0,18816.0,2539.0,2962.0,198.0,2659.0,287.0,4595.0,270.0,3892.0,423.0,2594.0,503.0,2114.0,858.0,노원구,중계4동
11110650,1111065.0,35373.0,3829.0,5785.0,363.0,6029.0,494.0,7026.0,605.0,7560.0,656.0,5096.0,621.0,3877.0,1090.0,노원구,상계1동
11110660,1111066.0,18261.0,2597.0,3488.0,524.0,2701.0,425.0,3661.0,303.0,3949.0,411.0,2569.0,363.0,1893.0,571.0,노원구,상계2동
11110690,1111069.0,20595.0,3426.0,3513.0,411.0,3189.0,441.0,4162.0,456.0,4180.0,542.0,2901.0,590.0,2650.0,986.0,노원구,상계5동
11110780,1111078.0,31619.0,4627.0,4472.0,169.0,5664.0,601.0,6940.0,602.0,5898.0,565.0,4382.0,782.0,4263.0,1908.0,노원구,중계23동
11110740,1111074.0,15342.0,1808.0,2657.0,193.0,3235.0,353.0,3277.0,306.0,3128.0,258.0,1716.0,211.0,1329.0,487.0,노원구,상계10동
11110770,1111077.0,27535.0,4020.0,4543.0,450.0,5681.0,853.0,6300.0,740.0,5259.0,582.0,3221.0,518.0,2531.0,877.0,노원구,상계67동
11120510,1112051.0,26391.0,4543.0,3928.0,603.0,5189.0,895.0,4929.0,663.0,4973.0,617.0,3948.0,682.0,3424.0,1083.0,은평구,녹번동
11120550,1112055.0,19657.0,3638.0,3429.0,682.0,3414.0,729.0,3766.0,539.0,3947.0,550.0,2923.0,514.0,2178.0,624.0,은평구,갈현1동
11120560,1112056.0,24465.0,3239.0,4030.0,478.0,4731.0,686.0,5185.0,485.0,4696.0,506.0,3218.0,445.0,2605.0,639.0,은평구,갈현2동
11120570,1112057.0,26939.0,3082.0,4168.0,304.0,4630.0,533.0,5560.0,563.0,5483.0,498.0,4056.0,487.0,3042.0,697.0,은평구,구산동
11120580,1112058.0,26560.0,6936.0,4621.0,1527.0,5476.0,1674.0,4907.0,1019.0,4837.0,888.0,3690.0,794.0,3029.0,1034.0,은평구,대조동
11120590,1112059.0,25696.0,4993.0,4024.0,1080.0,5317.0,1273.0,5200.0,671.0,4760.0,642.0,3480.0,549.0,2915.0,778.0,은평구,응암1동
11120600,1112060.0,18278.0,2146.0,2468.0,182.0,3871.0,382.0,4082.0,324.0,3366.0,287.0,2480.0,355.0,2011.0,616.0,은평구,응암2동
11120650,1112065.0,22825.0,3175.0,3737.0,566.0,4542.0,674.0,4416.0,458.0,4462.0,438.0,3198.0,403.0,2470.0,636.0,은평구,신사1동
11230630,1123063.0,17337.0,5098.0,3431.0,1080.0,3810.0,2036.0,4154.0,1016.0,3222.0,458.0,1529.0,250.0,1191.0,258.0,강남구,대치4동
11120660,1112066.0,17474.0,2515.0,2719.0,267.0,3137.0,553.0,3528.0,372.0,3517.0,384.0,2681.0,390.0,1892.0,549.0,은평구,신사2동
11120670,1112067.0,15938.0,2115.0,2375.0,225.0,2949.0,489.0,3072.0,314.0,3200.0,322.0,2411.0,345.0,1931.0,420.0,은평구,증산동
11120740,1112074.0,39081.0,5957.0,6220.0,886.0,8201.0,1452.0,7775.0,864.0,7292.0,773.0,5416.0,792.0,4177.0,1190.0,은평구,역촌동
11130620,1113062.0,20319.0,2984.0,3240.0,503.0,3503.0,465.0,3896.0,469.0,3867.0,403.0,3068.0,419.0,2745.0,725.0,서대문구,홍제1동
11130640,1113064.0,16148.0,2596.0,2438.0,398.0,2518.0,335.0,3136.0,369.0,3173.0,365.0,2462.0,399.0,2421.0,730.0,서대문구,홍제3동
11130650,1113065.0,12377.0,1691.0,1974.0,214.0,2064.0,236.0,2432.0,201.0,2616.0,291.0,1762.0,274.0,1529.0,475.0,서대문구,홍제2동
11130660,1113066.0,19949.0,2866.0,3222.0,443.0,3003.0,341.0,3864.0,374.0,4155.0,436.0,2908.0,405.0,2797.0,867.0,서대문구,홍은1동
11130760,1113076.0,35132.0,9722.0,8516.0,4646.0,6363.0,2000.0,6240.0,877.0,5732.0,616.0,4099.0,572.0,4182.0,1011.0,서대문구,연희동
11140590,1114059.0,16084.0,2670.0,2234.0,419.0,3865.0,707.0,3778.0,461.0,2794.0,326.0,1742.0,252.0,1671.0,505.0,마포구,용강동
11140600,1114060.0,14774.0,5487.0,4929.0,2514.0,2548.0,1277.0,2191.0,481.0,2236.0,401.0,1556.0,380.0,1314.0,434.0,마포구,대흥동
11140630,1114063.0,15678.0,2762.0,3155.0,1025.0,3175.0,517.0,3051.0,320.0,2817.0,237.0,1824.0,228.0,1656.0,435.0,마포구,신수동
11140660,1114066.0,24584.0,9907.0,6502.0,3995.0,6280.0,3303.0,3971.0,1279.0,3224.0,480.0,2410.0,356.0,2197.0,494.0,마포구,서교동
11150570,1115057.0,20400.0,3788.0,3074.0,291.0,3594.0,570.0,3746.0,648.0,4348.0,823.0,3347.0,708.0,2291.0,748.0,양천구,신월1동
11140680,1114068.0,15903.0,4244.0,3438.0,1290.0,4054.0,1503.0,2518.0,512.0,2515.0,277.0,1896.0,248.0,1482.0,414.0,마포구,합정동
11140690,1114069.0,18384.0,4142.0,3242.0,1055.0,4226.0,1345.0,3543.0,556.0,3132.0,374.0,2293.0,309.0,1948.0,503.0,마포구,망원1동
11140730,1114073.0,31139.0,6639.0,4671.0,1767.0,6407.0,1628.0,7197.0,773.0,5313.0,498.0,3908.0,653.0,3643.0,1320.0,마포구,성산2동
11140750,1114075.0,18291.0,3237.0,2896.0,686.0,3775.0,749.0,3488.0,365.0,3493.0,361.0,2383.0,362.0,2256.0,714.0,마포구,도화동
11140760,1114076.0,26177.0,5286.0,5867.0,2065.0,5069.0,1305.0,4838.0,591.0,4756.0,361.0,3153.0,337.0,2494.0,627.0,마포구,서강동
11140780,1114078.0,22833.0,2968.0,3847.0,483.0,5477.0,737.0,4339.0,456.0,4467.0,389.0,2575.0,310.0,2128.0,593.0,마포구,아현동
11150510,1115051.0,24929.0,1399.0,3447.0,124.0,3799.0,235.0,7100.0,225.0,5344.0,182.0,3203.0,205.0,2036.0,428.0,양천구,목1동
11150520,1115052.0,25825.0,4038.0,4713.0,813.0,5314.0,1161.0,4830.0,588.0,5114.0,428.0,3591.0,452.0,2263.0,596.0,양천구,목2동
11150530,1115053.0,18644.0,2939.0,3316.0,461.0,3615.0,652.0,3256.0,499.0,3682.0,393.0,2831.0,429.0,1944.0,505.0,양천구,목3동
11150580,1115058.0,19060.0,2001.0,2902.0,176.0,3759.0,325.0,3402.0,292.0,3886.0,310.0,2995.0,353.0,2116.0,545.0,양천구,신월2동
11150590,1115059.0,14911.0,3415.0,2517.0,256.0,2511.0,481.0,2903.0,608.0,3267.0,838.0,2198.0,624.0,1515.0,608.0,양천구,신월3동
11150610,1115061.0,13401.0,1847.0,2174.0,213.0,2394.0,330.0,2650.0,252.0,2664.0,329.0,2015.0,314.0,1504.0,409.0,양천구,신월5동
11150620,1115062.0,9583.0,1354.0,1507.0,225.0,1568.0,266.0,1841.0,169.0,2181.0,223.0,1575.0,220.0,911.0,251.0,양천구,신월6동
11210610,1121061.0,13482.0,5150.0,3591.0,2305.0,2850.0,1403.0,1891.0,432.0,2134.0,328.0,1750.0,333.0,1266.0,349.0,관악구,중앙동
11150630,1115063.0,19156.0,2756.0,2788.0,157.0,3618.0,335.0,3457.0,411.0,3839.0,490.0,3119.0,545.0,2335.0,818.0,양천구,신월7동
11150650,1115065.0,16209.0,1371.0,2818.0,118.0,1986.0,217.0,4263.0,153.0,3841.0,239.0,1949.0,231.0,1352.0,413.0,양천구,신정2동
11150690,1115069.0,19697.0,899.0,2952.0,76.0,2748.0,132.0,5369.0,134.0,4200.0,112.0,2708.0,124.0,1720.0,321.0,양천구,신정6동
11150700,1115070.0,24926.0,2770.0,3948.0,114.0,3390.0,265.0,5788.0,313.0,5534.0,467.0,3542.0,546.0,2724.0,1065.0,양천구,신정7동
11150710,1115071.0,30922.0,1009.0,4700.0,137.0,3975.0,227.0,9628.0,107.0,6862.0,69.0,3511.0,120.0,2246.0,349.0,양천구,목5동
11160510,1116051.0,32067.0,3082.0,4869.0,787.0,6805.0,947.0,7765.0,339.0,6037.0,287.0,4062.0,292.0,2529.0,430.0,강서구,염창동
11160530,1116053.0,17568.0,2017.0,3195.0,394.0,3302.0,532.0,3252.0,296.0,3731.0,254.0,2565.0,211.0,1523.0,330.0,강서구,등촌2동
11160550,1116055.0,29155.0,6137.0,4965.0,1300.0,7347.0,1773.0,5683.0,1042.0,4966.0,727.0,3784.0,652.0,2410.0,643.0,강서구,화곡본동
11160570,1116057.0,16759.0,2609.0,2469.0,297.0,3769.0,557.0,3336.0,432.0,2912.0,426.0,2455.0,435.0,1818.0,462.0,강서구,화곡2동
11160580,1116058.0,19487.0,2312.0,3428.0,413.0,3469.0,458.0,3246.0,339.0,4168.0,359.0,3082.0,316.0,2094.0,427.0,강서구,화곡3동
11160590,1116059.0,19051.0,3111.0,3074.0,342.0,4076.0,683.0,3512.0,508.0,3873.0,606.0,2839.0,513.0,1677.0,459.0,강서구,화곡4동
11160610,1116061.0,21343.0,3870.0,3719.0,840.0,4558.0,1238.0,3705.0,527.0,4271.0,442.0,3087.0,358.0,2003.0,465.0,강서구,화곡6동
11160630,1116063.0,22196.0,3756.0,3507.0,694.0,5409.0,1063.0,3983.0,534.0,4017.0,463.0,3333.0,503.0,1947.0,499.0,강서구,화곡8동
11160650,1116065.0,15624.0,4579.0,2719.0,741.0,2670.0,657.0,1721.0,359.0,3421.0,834.0,2832.0,877.0,2261.0,1111.0,강서구,가양2동
11160660,1116066.0,15374.0,3588.0,2401.0,326.0,3341.0,612.0,2226.0,435.0,2955.0,567.0,2448.0,678.0,2003.0,970.0,강서구,가양3동
11160730,1116073.0,44726.0,10978.0,8049.0,2675.0,10737.0,3039.0,7237.0,1501.0,8346.0,1349.0,6441.0,1208.0,3916.0,1206.0,강서구,화곡1동
11160740,1116074.0,35348.0,2949.0,5333.0,490.0,7150.0,728.0,8402.0,446.0,6606.0,375.0,4709.0,349.0,3148.0,561.0,강서구,우장산동
11170560,1117056.0,29974.0,6794.0,5335.0,1967.0,6678.0,1881.0,5503.0,1054.0,5961.0,760.0,4006.0,543.0,2491.0,589.0,구로구,구로5동
11170640,1117064.0,28785.0,2702.0,4157.0,196.0,6092.0,477.0,4845.0,342.0,5491.0,473.0,4902.0,506.0,3298.0,708.0,구로구,개봉2동
11170650,1117065.0,18142.0,2006.0,2746.0,172.0,3621.0,367.0,3493.0,313.0,3550.0,348.0,2845.0,369.0,1887.0,437.0,구로구,개봉3동
11170670,1117067.0,18998.0,4758.0,3298.0,1328.0,4113.0,1242.0,3066.0,575.0,3435.0,433.0,2762.0,474.0,2324.0,706.0,구로구,오류1동
11170690,1117069.0,20927.0,2411.0,3163.0,214.0,4320.0,389.0,3840.0,332.0,3972.0,376.0,3237.0,423.0,2395.0,677.0,구로구,수궁동
11170700,1117070.0,18232.0,6416.0,1990.0,993.0,2483.0,1109.0,3877.0,1112.0,5435.0,1526.0,3078.0,1034.0,1369.0,642.0,구로구,가리봉동
11170710,1117071.0,35952.0,7709.0,5198.0,965.0,5842.0,1335.0,7404.0,1535.0,8508.0,1656.0,5575.0,1219.0,3425.0,999.0,구로구,구로2동
11170720,1117072.0,29425.0,3741.0,4465.0,337.0,5330.0,519.0,5476.0,628.0,6085.0,668.0,4571.0,655.0,3498.0,934.0,구로구,개봉1동
11170730,1117068.0,36104.0,4782.0,5150.0,891.0,7820.0,1033.0,7391.0,531.0,6386.0,560.0,5206.0,660.0,4151.0,1107.0,구로구,오류2동
11180530,1118053.0,20095.0,4161.0,3370.0,397.0,3319.0,622.0,4100.0,790.0,4672.0,1081.0,2856.0,672.0,1778.0,599.0,금천구,독산2동
11180540,1118054.0,28514.0,6167.0,4344.0,891.0,4730.0,1039.0,5722.0,1117.0,7010.0,1450.0,4271.0,931.0,2437.0,739.0,금천구,독산3동
11180550,1118055.0,16921.0,3567.0,2734.0,383.0,2791.0,542.0,3580.0,684.0,3980.0,939.0,2446.0,589.0,1390.0,430.0,금천구,독산4동
11180580,1118058.0,19069.0,1916.0,2763.0,89.0,3162.0,206.0,4149.0,220.0,4046.0,387.0,2857.0,423.0,2092.0,591.0,금천구,시흥2동
11180590,1118059.0,10735.0,1479.0,1553.0,101.0,1773.0,274.0,1902.0,245.0,2262.0,252.0,1823.0,226.0,1422.0,381.0,금천구,시흥3동
11180600,1118060.0,20167.0,2981.0,3143.0,160.0,3249.0,375.0,3831.0,457.0,4417.0,702.0,3221.0,599.0,2306.0,688.0,금천구,시흥4동
11190540,1119054.0,26845.0,3291.0,3512.0,499.0,4994.0,843.0,5154.0,539.0,5128.0,258.0,4302.0,325.0,3755.0,827.0,영등포구,여의동
11190550,1119055.0,17966.0,4512.0,3123.0,1030.0,4219.0,1202.0,3079.0,651.0,3235.0,531.0,2484.0,486.0,1826.0,612.0,영등포구,당산1동
11190650,1119065.0,14531.0,2522.0,2089.0,295.0,2282.0,271.0,2899.0,353.0,3311.0,566.0,2257.0,472.0,1693.0,565.0,영등포구,신길3동
11190660,1119066.0,11487.0,2178.0,1788.0,319.0,1686.0,410.0,2219.0,316.0,2765.0,377.0,1814.0,320.0,1215.0,436.0,영등포구,신길4동
11190670,1119067.0,15217.0,2801.0,2195.0,450.0,2377.0,461.0,3106.0,448.0,3709.0,503.0,2347.0,411.0,1483.0,528.0,영등포구,신길5동
11190700,1119070.0,16616.0,3338.0,2563.0,610.0,2680.0,580.0,3258.0,563.0,3911.0,594.0,2583.0,476.0,1621.0,515.0,영등포구,대림1동
11190710,1119071.0,24002.0,5809.0,3330.0,1358.0,3866.0,1310.0,4872.0,1034.0,6358.0,953.0,3771.0,675.0,1805.0,479.0,영등포구,대림2동
11200630,1120063.0,21231.0,6901.0,4695.0,2437.0,5051.0,2218.0,2979.0,710.0,3730.0,582.0,2916.0,506.0,1860.0,448.0,동작구,사당1동
11220540,1122054.0,21660.0,1542.0,2878.0,307.0,3738.0,442.0,5524.0,287.0,4514.0,94.0,2766.0,113.0,2240.0,299.0,서초구,서초4동
11200650,1120065.0,20377.0,2666.0,3599.0,622.0,4199.0,629.0,3445.0,368.0,3845.0,328.0,3227.0,347.0,2062.0,372.0,동작구,사당3동
11200660,1120066.0,12878.0,2899.0,2234.0,819.0,2845.0,758.0,2151.0,361.0,2290.0,229.0,1877.0,286.0,1481.0,446.0,동작구,사당4동
11220570,1122057.0,26218.0,5244.0,4258.0,1592.0,5852.0,1815.0,6397.0,676.0,4664.0,472.0,2819.0,315.0,2228.0,374.0,서초구,반포1동
11200670,1120067.0,11146.0,2103.0,1913.0,554.0,2534.0,543.0,2094.0,300.0,2038.0,217.0,1475.0,207.0,1092.0,282.0,동작구,사당5동
11200690,1120069.0,23086.0,3219.0,3548.0,735.0,4070.0,704.0,5197.0,437.0,5148.0,456.0,3078.0,385.0,2045.0,502.0,동작구,신대방1동
11210540,1121054.0,13331.0,1626.0,1922.0,227.0,3165.0,325.0,2635.0,219.0,2290.0,201.0,1836.0,233.0,1483.0,421.0,관악구,청림동
11210570,1121057.0,26284.0,10226.0,7041.0,4525.0,6063.0,3122.0,3806.0,871.0,3947.0,602.0,3310.0,552.0,2117.0,554.0,관악구,행운동
11210580,1121058.0,19598.0,8021.0,8380.0,4494.0,4273.0,2153.0,2253.0,535.0,2019.0,297.0,1534.0,279.0,1139.0,263.0,관악구,낙성대동
11210620,1121062.0,23920.0,7609.0,5734.0,3097.0,5659.0,2500.0,4019.0,670.0,3453.0,450.0,2959.0,454.0,2096.0,438.0,관악구,인헌동
11210630,1121063.0,16175.0,4504.0,3853.0,1694.0,3820.0,1440.0,2207.0,482.0,2569.0,272.0,2064.0,259.0,1662.0,357.0,관악구,남현동
11210640,1121064.0,21648.0,8593.0,5511.0,3497.0,5266.0,2727.0,3150.0,909.0,3347.0,528.0,2531.0,469.0,1843.0,463.0,관악구,서원동
11210650,1121065.0,17707.0,5825.0,3612.0,2013.0,3700.0,1537.0,2980.0,641.0,3215.0,567.0,2434.0,483.0,1766.0,584.0,관악구,신원동
11210690,1121069.0,18760.0,12306.0,6667.0,5812.0,5188.0,4035.0,2282.0,1192.0,1985.0,563.0,1550.0,415.0,1088.0,289.0,관악구,신림동
11210710,1121071.0,13125.0,1733.0,1721.0,151.0,2760.0,274.0,2953.0,295.0,2413.0,313.0,1941.0,286.0,1337.0,414.0,관악구,난향동
11210720,1121072.0,18282.0,6429.0,3595.0,2053.0,3793.0,1925.0,3109.0,805.0,3686.0,725.0,2450.0,488.0,1649.0,433.0,관악구,조원동
11210730,1121073.0,21886.0,11072.0,6044.0,4321.0,5350.0,3360.0,3666.0,1685.0,3019.0,807.0,2139.0,508.0,1668.0,391.0,관악구,대학동
11220620,1122062.0,14240.0,2480.0,2435.0,593.0,3141.0,807.0,2502.0,350.0,2423.0,237.0,2008.0,186.0,1731.0,307.0,서초구,방배1동
11210780,1121078.0,29845.0,6034.0,5290.0,1781.0,6521.0,1578.0,5660.0,734.0,5237.0,532.0,4245.0,625.0,2892.0,784.0,관악구,은천동
11210790,1121079.0,26652.0,3591.0,3757.0,406.0,5073.0,551.0,5824.0,423.0,5009.0,547.0,3911.0,661.0,3078.0,1003.0,관악구,성현동
11210800,1121080.0,27567.0,12259.0,7928.0,5840.0,6014.0,3484.0,4023.0,1067.0,4093.0,639.0,3294.0,574.0,2215.0,655.0,관악구,청룡동
11210810,1121081.0,25360.0,4767.0,4409.0,601.0,4373.0,811.0,4835.0,746.0,5218.0,823.0,3782.0,817.0,2743.0,969.0,관악구,난곡동
11220510,1122051.0,17882.0,3415.0,3644.0,870.0,3700.0,1208.0,3369.0,521.0,3105.0,324.0,2290.0,248.0,1774.0,244.0,서초구,서초1동
11220530,1122053.0,25771.0,4435.0,4883.0,1194.0,4471.0,1347.0,4730.0,717.0,5007.0,419.0,3587.0,337.0,3093.0,421.0,서초구,서초3동
11220550,1122055.0,25360.0,3524.0,3845.0,616.0,5515.0,1076.0,6644.0,650.0,4558.0,400.0,2814.0,341.0,1984.0,441.0,서초구,잠원동
11220580,1122058.0,13874.0,846.0,1628.0,136.0,2271.0,157.0,4095.0,107.0,2804.0,85.0,1731.0,91.0,1345.0,270.0,서초구,반포2동
11220590,1122059.0,15490.0,1163.0,1986.0,125.0,2804.0,217.0,4144.0,176.0,3126.0,151.0,1815.0,121.0,1615.0,373.0,서초구,반포3동
11220600,1122060.0,17632.0,1497.0,2310.0,210.0,3138.0,303.0,3858.0,313.0,3645.0,215.0,2585.0,145.0,2096.0,311.0,서초구,반포4동
11220610,1122061.0,16004.0,1557.0,2552.0,236.0,2696.0,449.0,4078.0,252.0,3116.0,208.0,1976.0,160.0,1586.0,252.0,서초구,방배본동
11220640,1122064.0,19052.0,1689.0,3633.0,291.0,3135.0,383.0,3299.0,200.0,4169.0,288.0,3047.0,218.0,1769.0,309.0,서초구,방배3동
11220650,1122065.0,19817.0,3257.0,3345.0,694.0,4037.0,1091.0,4409.0,480.0,3644.0,284.0,2470.0,275.0,1912.0,433.0,서초구,방배4동
11230510,1123051.0,14362.0,2657.0,2362.0,626.0,2936.0,896.0,3023.0,367.0,2376.0,206.0,1942.0,219.0,1723.0,343.0,강남구,신사동
11230580,1123058.0,13763.0,1736.0,1952.0,264.0,2256.0,483.0,2634.0,296.0,2762.0,198.0,2155.0,182.0,2004.0,313.0,강남구,삼성1동
11230590,1123059.0,23857.0,4777.0,3686.0,1059.0,5857.0,1905.0,5867.0,774.0,3945.0,410.0,2470.0,262.0,2032.0,367.0,강남구,삼성2동
11230640,1123064.0,33940.0,17181.0,7419.0,4453.0,10164.0,7339.0,6661.0,3331.0,4612.0,1013.0,3119.0,647.0,1965.0,398.0,강남구,역삼1동
11230650,1123065.0,27325.0,5420.0,3902.0,1344.0,5960.0,2138.0,7634.0,723.0,5130.0,477.0,2611.0,301.0,2088.0,437.0,강남구,역삼2동
11230660,1123066.0,17675.0,2021.0,3079.0,436.0,3335.0,700.0,3532.0,298.0,3531.0,182.0,2480.0,166.0,1718.0,239.0,강남구,도곡1동
11240510,1124051.0,15743.0,2680.0,2454.0,321.0,2912.0,427.0,2873.0,438.0,3472.0,557.0,2484.0,459.0,1548.0,478.0,송파구,풍납1동
11230670,1123067.0,25726.0,1540.0,3647.0,130.0,4044.0,297.0,6492.0,291.0,5191.0,175.0,3640.0,206.0,2712.0,441.0,강남구,도곡2동
11240520,1124052.0,22940.0,3210.0,4433.0,603.0,4924.0,830.0,4233.0,542.0,3963.0,368.0,3256.0,371.0,2131.0,496.0,송파구,풍납2동
11230680,1123068.0,11885.0,1787.0,2331.0,422.0,1752.0,436.0,1977.0,208.0,2851.0,267.0,1927.0,227.0,1047.0,227.0,강남구,개포1동
11240580,1124058.0,21810.0,6441.0,4274.0,1769.0,5391.0,2193.0,3721.0,1108.0,4070.0,569.0,2719.0,424.0,1635.0,378.0,송파구,방이2동
11230710,1123071.0,17959.0,2585.0,3083.0,347.0,3486.0,751.0,3727.0,507.0,3645.0,372.0,2475.0,291.0,1543.0,317.0,강남구,개포4동
11230720,1123072.0,19713.0,1320.0,2858.0,167.0,3173.0,179.0,4740.0,162.0,3958.0,176.0,3115.0,241.0,1869.0,395.0,강남구,일원본동
11230730,1123073.0,13941.0,3070.0,2418.0,591.0,2596.0,684.0,2286.0,384.0,2915.0,419.0,2186.0,451.0,1540.0,541.0,강남구,일원1동
11240620,1124062.0,16969.0,1244.0,3013.0,245.0,2922.0,236.0,3442.0,171.0,3819.0,218.0,2455.0,133.0,1318.0,241.0,송파구,송파2동
11230750,1123075.0,13965.0,3539.0,1954.0,210.0,2832.0,417.0,1565.0,333.0,2748.0,562.0,2783.0,936.0,2083.0,1081.0,강남구,수서동
11230770,1123077.0,21659.0,2178.0,2786.0,255.0,3870.0,469.0,4667.0,346.0,3786.0,228.0,3290.0,285.0,3260.0,595.0,강남구,압구정동
11240630,1124063.0,29256.0,7594.0,5264.0,1687.0,7173.0,2501.0,5441.0,1212.0,5354.0,808.0,3646.0,674.0,2378.0,712.0,송파구,석촌동
11230780,1123078.0,23540.0,3869.0,3830.0,722.0,4997.0,1364.0,4938.0,709.0,4363.0,374.0,3186.0,332.0,2226.0,368.0,강남구,청담동
11240640,1124064.0,27810.0,7782.0,5188.0,1705.0,7440.0,3032.0,5355.0,1381.0,4767.0,704.0,3210.0,509.0,1850.0,451.0,송파구,삼전동
11230790,1123079.0,30880.0,1566.0,5450.0,341.0,3450.0,452.0,8138.0,234.0,7378.0,96.0,3909.0,128.0,2555.0,315.0,강남구,대치2동
11240650,1124065.0,23770.0,3485.0,4236.0,637.0,4591.0,902.0,4611.0,693.0,5014.0,428.0,3330.0,412.0,1988.0,413.0,송파구,가락본동
11230800,1123080.0,29698.0,2450.0,4902.0,229.0,5505.0,573.0,6388.0,415.0,6185.0,272.0,4058.0,336.0,2660.0,625.0,강남구,개포2동
11240530,1124053.0,11944.0,1679.0,1965.0,182.0,2030.0,354.0,2591.0,286.0,2498.0,281.0,1665.0,259.0,1195.0,317.0,송파구,거여1동
11240540,1124054.0,19932.0,2982.0,2861.0,278.0,3962.0,469.0,4283.0,483.0,3896.0,540.0,2921.0,531.0,2009.0,681.0,송파구,거여2동
11240680,1124068.0,17757.0,2222.0,3362.0,524.0,3437.0,572.0,3209.0,415.0,3815.0,282.0,2594.0,203.0,1340.0,226.0,송파구,문정1동
11240550,1124055.0,18184.0,2876.0,2633.0,226.0,3039.0,422.0,3630.0,331.0,3714.0,599.0,2871.0,570.0,2297.0,728.0,송파구,마천1동
11240560,1124056.0,17328.0,2614.0,2729.0,130.0,2861.0,378.0,3337.0,458.0,3778.0,551.0,2597.0,489.0,2026.0,608.0,송파구,마천2동
11240570,1124057.0,14648.0,1561.0,2255.0,259.0,2152.0,434.0,2828.0,196.0,3072.0,192.0,2631.0,188.0,1710.0,292.0,송파구,방이1동
11240600,1124060.0,30666.0,3009.0,5308.0,263.0,4861.0,448.0,5714.0,586.0,6577.0,496.0,4906.0,486.0,3300.0,730.0,송파구,오금동
11240610,1124061.0,22061.0,5533.0,4271.0,1431.0,5526.0,1868.0,3763.0,886.0,4060.0,564.0,2824.0,428.0,1617.0,356.0,송파구,송파1동
11240660,1124066.0,22086.0,1748.0,1773.0,108.0,4071.0,427.0,5517.0,383.0,4492.0,128.0,4011.0,323.0,2222.0,379.0,송파구,가락1동
11240670,1124067.0,26628.0,2459.0,4724.0,472.0,4876.0,551.0,6200.0,398.0,5643.0,361.0,3297.0,311.0,1888.0,366.0,송파구,가락2동
11240690,1124069.0,20970.0,6741.0,3052.0,1379.0,5225.0,2987.0,4277.0,1562.0,3528.0,311.0,2783.0,209.0,2105.0,293.0,송파구,문정2동
11240800,1124080.0,29589.0,1521.0,4330.0,102.0,5563.0,220.0,6326.0,210.0,5728.0,177.0,4682.0,273.0,2960.0,539.0,송파구,잠실3동
11250650,1125065.0,15561.0,1968.0,2414.0,346.0,3392.0,505.0,3052.0,314.0,2902.0,255.0,2257.0,276.0,1544.0,272.0,강동구,성내1동
11250530,1125053.0,21174.0,1943.0,3149.0,165.0,3429.0,302.0,4277.0,229.0,4216.0,275.0,3686.0,351.0,2417.0,621.0,강동구,명일1동
11250540,1125054.0,13996.0,904.0,2457.0,240.0,1760.0,167.0,3135.0,96.0,3480.0,138.0,2060.0,83.0,1104.0,180.0,강동구,명일2동
11250550,1125055.0,15523.0,1113.0,1971.0,106.0,2375.0,133.0,4538.0,143.0,2961.0,192.0,2279.0,233.0,1399.0,306.0,강동구,고덕1동
11250560,1125056.0,13090.0,1933.0,1297.0,175.0,2184.0,258.0,3474.0,330.0,2446.0,325.0,2250.0,365.0,1439.0,480.0,강동구,고덕2동
11250580,1125058.0,12879.0,1667.0,1836.0,211.0,2983.0,436.0,2626.0,282.0,2295.0,189.0,1800.0,210.0,1339.0,339.0,강동구,암사2동
11250590,1125059.0,14007.0,835.0,2014.0,112.0,2843.0,168.0,3269.0,123.0,2903.0,145.0,1989.0,138.0,989.0,149.0,강동구,암사3동
11250610,1125061.0,24309.0,4092.0,4013.0,529.0,4497.0,814.0,4385.0,712.0,5262.0,736.0,3689.0,615.0,2463.0,686.0,강동구,천호1동
11250630,1125063.0,22050.0,5156.0,3563.0,963.0,4499.0,1141.0,3636.0,757.0,4599.0,790.0,3580.0,754.0,2173.0,751.0,강동구,천호3동
11250660,1125066.0,22380.0,6094.0,3780.0,1212.0,4736.0,1485.0,3762.0,883.0,4648.0,1052.0,3369.0,797.0,2085.0,665.0,강동구,성내2동
11250670,1125067.0,20453.0,3610.0,3630.0,806.0,4401.0,838.0,3833.0,555.0,4078.0,550.0,2801.0,433.0,1710.0,428.0,강동구,성내3동
11250700,1125070.0,10006.0,3488.0,1365.0,700.0,560.0,99.0,2372.0,238.0,3010.0,1549.0,1926.0,754.0,773.0,148.0,강동구,둔촌1동
11250710,1125071.0,23165.0,2961.0,3926.0,561.0,4247.0,442.0,4380.0,357.0,4929.0,499.0,3387.0,449.0,2296.0,653.0,강동구,둔촌2동
11250720,1125072.0,30217.0,4999.0,4830.0,596.0,6206.0,1101.0,5884.0,761.0,6175.0,927.0,4350.0,780.0,2772.0,834.0,강동구,암사1동
11250730,1125073.0,31072.0,7267.0,4822.0,1120.0,6320.0,1812.0,5633.0,1277.0,6501.0,1133.0,4628.0,960.0,3168.0,965.0,강동구,천호2동
11250740,1125074.0,41052.0,7574.0,7127.0,1636.0,8543.0,1797.0,7293.0,1162.0,8247.0,1042.0,6025.0,893.0,3817.0,1044.0,강동구,길동
11010580,1101058.0,6191.0,1061.0,757.0,109.0,965.0,153.0,1293.0,162.0,1274.0,162.0,1027.0,191.0,875.0,284.0,종로구,교남동
11010600,1101060.0,4024.0,1157.0,567.0,204.0,729.0,278.0,846.0,212.0,707.0,129.0,626.0,145.0,549.0,189.0,종로구,가회동
11010610,1101061.0,8234.0,4033.0,1386.0,916.0,1366.0,722.0,1559.0,758.0,1618.0,646.0,1385.0,566.0,920.0,425.0,종로구,종로1234가동
11220630,1122063.0,22458.0,3099.0,4088.0,692.0,4412.0,757.0,3993.0,376.0,4449.0,368.0,3430.0,409.0,2086.0,497.0,서초구,방배2동
11090700,1109070.0,20018.0,5068.0,3573.0,1298.0,3433.0,955.0,3535.0,626.0,4094.0,763.0,2900.0,656.0,2483.0,770.0,강북구,미아동
11090750,1109075.0,27366.0,4441.0,4103.0,481.0,4474.0,622.0,4938.0,649.0,5504.0,744.0,4500.0,805.0,3847.0,1140.0,강북구,인수동
